<annotation>
  <filename>1000.jpg</filename>
  <size>
    <width>960</width>
    <height>540</height>
    <depth>3</depth>
  </size>
  <object>
    <name>pedestrian</name>
    <bndbox>
      <xmin>872</xmin>
      <ymin>68</ymin>
      <xmax>911</xmax>
      <ymax>154</ymax>
    </bndbox>
  </object>
  <object>
    <name>pedestrian</name>
    <bndbox>
      <xmin>127</xmin>
      <ymin>321</ymin>
      <xmax>188</xmax>
      <ymax>468</ymax>
    </bndbox>
  </object>
  <object>
    <name>pedestrian</name>
    <bndbox>
      <xmin>179</xmin>
      <ymin>264</ymin>
      <xmax>232</xmax>
      <ymax>396</ymax>
    </bndbox>
  </object>
  <object>
    <name>pedestrian</name>
    <bndbox>
      <xmin>182</xmin>
      <ymin>117</ymin>
      <xmax>220</xmax>
      <ymax>210</ymax>
    </bndbox>
  </object>
  <object>
    <name>pedestrian</name>
    <bndbox>
      <xmin>163</xmin>
      <ymin>114</ymin>
      <xmax>201</xmax>
      <ymax>207</ymax>
    </bndbox>
  </object>
  <object>
    <name>pedestrian</name>
    <bndbox>
      <xmin>113</xmin>
      <ymin>226</ymin>
      <xmax>165</xmax>
      <ymax>348</ymax>
    </bndbox>
  </object>
  <object>
    <name>pedestrian</name>
    <bndbox>
      <xmin>814</xmin>
      <ymin>233</ymin>
      <xmax>863</xmax>
      <ymax>360</ymax>
    </bndbox>
  </object>
  <object>
    <name>pedestrian</name>
    <bndbox>
      <xmin>130</xmin>
      <ymin>148</ymin>
      <xmax>173</xmax>
      <ymax>249</ymax>
    </bndbox>
  </object>
  <object>
    <name>pedestrian</name>
    <bndbox>
      <xmin>477</xmin>
      <ymin>1</ymin>
      <xmax>500</xmax>
      <ymax>64</ymax>
    </bndbox>
  </object>
</annotation>
