<annotation>
  <filename>1002.jpg</filename>
  <size>
    <width>960</width>
    <height>540</height>
    <depth>3</depth>
  </size>
  <object>
    <name>pedestrian</name>
    <bndbox>
      <xmin>872</xmin>
      <ymin>68</ymin>
      <xmax>911</xmax>
      <ymax>154</ymax>
    </bndbox>
  </object>
  <object>
    <name>pedestrian</name>
    <bndbox>
      <xmin>117</xmin>
      <ymin>321</ymin>
      <xmax>179</xmax>
      <ymax>469</ymax>
    </bndbox>
  </object>
  <object>
    <name>pedestrian</name>
    <bndbox>
      <xmin>168</xmin>
      <ymin>265</ymin>
      <xmax>222</xmax>
      <ymax>398</ymax>
    </bndbox>
  </object>
  <object>
    <name>pedestrian</name>
    <bndbox>
      <xmin>178</xmin>
      <ymin>118</ymin>
      <xmax>216</xmax>
      <ymax>212</ymax>
    </bndbox>
  </object>
  <object>
    <name>pedestrian</name>
    <bndbox>
      <xmin>158</xmin>
      <ymin>117</ymin>
      <xmax>197</xmax>
      <ymax>210</ymax>
    </bndbox>
  </object>
  <object>
    <name>pedestrian</name>
    <bndbox>
      <xmin>115</xmin>
      <ymin>225</ymin>
      <xmax>167</xmax>
      <ymax>346</ymax>
    </bndbox>
  </object>
  <object>
    <name>pedestrian</name>
    <bndbox>
      <xmin>815</xmin>
      <ymin>230</ymin>
      <xmax>864</xmax>
      <ymax>357</ymax>
    </bndbox>
  </object>
  <object>
    <name>pedestrian</name>
    <bndbox>
      <xmin>135</xmin>
      <ymin>146</ymin>
      <xmax>178</xmax>
      <ymax>248</ymax>
    </bndbox>
  </object>
  <object>
    <name>pedestrian</name>
    <bndbox>
      <xmin>476</xmin>
      <ymin>2</ymin>
      <xmax>499</xmax>
      <ymax>66</ymax>
    </bndbox>
  </object>
</annotation>
