<annotation>
  <filename>1008.jpg</filename>
  <size>
    <width>960</width>
    <height>540</height>
    <depth>3</depth>
  </size>
  <object>
    <name>pedestrian</name>
    <bndbox>
      <xmin>872</xmin>
      <ymin>67</ymin>
      <xmax>912</xmax>
      <ymax>154</ymax>
    </bndbox>
  </object>
  <object>
    <name>pedestrian</name>
    <bndbox>
      <xmin>88</xmin>
      <ymin>322</ymin>
      <xmax>152</xmax>
      <ymax>470</ymax>
    </bndbox>
  </object>
  <object>
    <name>pedestrian</name>
    <bndbox>
      <xmin>137</xmin>
      <ymin>267</ymin>
      <xmax>192</xmax>
      <ymax>400</ymax>
    </bndbox>
  </object>
  <object>
    <name>pedestrian</name>
    <bndbox>
      <xmin>166</xmin>
      <ymin>125</ymin>
      <xmax>205</xmax>
      <ymax>221</ymax>
    </bndbox>
  </object>
  <object>
    <name>pedestrian</name>
    <bndbox>
      <xmin>143</xmin>
      <ymin>120</ymin>
      <xmax>183</xmax>
      <ymax>214</ymax>
    </bndbox>
  </object>
  <object>
    <name>pedestrian</name>
    <bndbox>
      <xmin>121</xmin>
      <ymin>217</ymin>
      <xmax>171</xmax>
      <ymax>337</ymax>
    </bndbox>
  </object>
  <object>
    <name>pedestrian</name>
    <bndbox>
      <xmin>819</xmin>
      <ymin>225</ymin>
      <xmax>868</xmax>
      <ymax>351</ymax>
    </bndbox>
  </object>
  <object>
    <name>pedestrian</name>
    <bndbox>
      <xmin>150</xmin>
      <ymin>142</ymin>
      <xmax>192</xmax>
      <ymax>242</ymax>
    </bndbox>
  </object>
  <object>
    <name>pedestrian</name>
    <bndbox>
      <xmin>473</xmin>
      <ymin>3</ymin>
      <xmax>496</xmax>
      <ymax>67</ymax>
    </bndbox>
  </object>
</annotation>
