<annotation>
  <filename>1009.jpg</filename>
  <size>
    <width>960</width>
    <height>540</height>
    <depth>3</depth>
  </size>
  <object>
    <name>pedestrian</name>
    <bndbox>
      <xmin>872</xmin>
      <ymin>67</ymin>
      <xmax>912</xmax>
      <ymax>154</ymax>
    </bndbox>
  </object>
  <object>
    <name>pedestrian</name>
    <bndbox>
      <xmin>84</xmin>
      <ymin>322</ymin>
      <xmax>147</xmax>
      <ymax>470</ymax>
    </bndbox>
  </object>
  <object>
    <name>pedestrian</name>
    <bndbox>
      <xmin>132</xmin>
      <ymin>267</ymin>
      <xmax>187</xmax>
      <ymax>399</ymax>
    </bndbox>
  </object>
  <object>
    <name>pedestrian</name>
    <bndbox>
      <xmin>164</xmin>
      <ymin>126</ymin>
      <xmax>203</xmax>
      <ymax>221</ymax>
    </bndbox>
  </object>
  <object>
    <name>pedestrian</name>
    <bndbox>
      <xmin>141</xmin>
      <ymin>121</ymin>
      <xmax>181</xmax>
      <ymax>215</ymax>
    </bndbox>
  </object>
  <object>
    <name>pedestrian</name>
    <bndbox>
      <xmin>122</xmin>
      <ymin>216</ymin>
      <xmax>172</xmax>
      <ymax>336</ymax>
    </bndbox>
  </object>
  <object>
    <name>pedestrian</name>
    <bndbox>
      <xmin>820</xmin>
      <ymin>225</ymin>
      <xmax>869</xmax>
      <ymax>350</ymax>
    </bndbox>
  </object>
  <object>
    <name>pedestrian</name>
    <bndbox>
      <xmin>152</xmin>
      <ymin>140</ymin>
      <xmax>194</xmax>
      <ymax>240</ymax>
    </bndbox>
  </object>
  <object>
    <name>pedestrian</name>
    <bndbox>
      <xmin>472</xmin>
      <ymin>3</ymin>
      <xmax>496</xmax>
      <ymax>67</ymax>
    </bndbox>
  </object>
</annotation>
