<annotation>
  <filename>1012.jpg</filename>
  <size>
    <width>960</width>
    <height>540</height>
    <depth>3</depth>
  </size>
  <object>
    <name>pedestrian</name>
    <bndbox>
      <xmin>872</xmin>
      <ymin>67</ymin>
      <xmax>912</xmax>
      <ymax>154</ymax>
    </bndbox>
  </object>
  <object>
    <name>pedestrian</name>
    <bndbox>
      <xmin>69</xmin>
      <ymin>323</ymin>
      <xmax>133</xmax>
      <ymax>471</ymax>
    </bndbox>
  </object>
  <object>
    <name>pedestrian</name>
    <bndbox>
      <xmin>116</xmin>
      <ymin>267</ymin>
      <xmax>172</xmax>
      <ymax>400</ymax>
    </bndbox>
  </object>
  <object>
    <name>pedestrian</name>
    <bndbox>
      <xmin>157</xmin>
      <ymin>127</ymin>
      <xmax>197</xmax>
      <ymax>223</ymax>
    </bndbox>
  </object>
  <object>
    <name>pedestrian</name>
    <bndbox>
      <xmin>134</xmin>
      <ymin>124</ymin>
      <xmax>174</xmax>
      <ymax>219</ymax>
    </bndbox>
  </object>
  <object>
    <name>pedestrian</name>
    <bndbox>
      <xmin>124</xmin>
      <ymin>214</ymin>
      <xmax>175</xmax>
      <ymax>333</ymax>
    </bndbox>
  </object>
  <object>
    <name>pedestrian</name>
    <bndbox>
      <xmin>825</xmin>
      <ymin>222</ymin>
      <xmax>873</xmax>
      <ymax>347</ymax>
    </bndbox>
  </object>
  <object>
    <name>pedestrian</name>
    <bndbox>
      <xmin>160</xmin>
      <ymin>135</ymin>
      <xmax>201</xmax>
      <ymax>233</ymax>
    </bndbox>
  </object>
  <object>
    <name>pedestrian</name>
    <bndbox>
      <xmin>471</xmin>
      <ymin>4</ymin>
      <xmax>494</xmax>
      <ymax>68</ymax>
    </bndbox>
  </object>
</annotation>
