<annotation>
  <filename>1014.jpg</filename>
  <size>
    <width>960</width>
    <height>540</height>
    <depth>3</depth>
  </size>
  <object>
    <name>pedestrian</name>
    <bndbox>
      <xmin>872</xmin>
      <ymin>67</ymin>
      <xmax>912</xmax>
      <ymax>154</ymax>
    </bndbox>
  </object>
  <object>
    <name>pedestrian</name>
    <bndbox>
      <xmin>59</xmin>
      <ymin>323</ymin>
      <xmax>124</xmax>
      <ymax>472</ymax>
    </bndbox>
  </object>
  <object>
    <name>pedestrian</name>
    <bndbox>
      <xmin>106</xmin>
      <ymin>269</ymin>
      <xmax>163</xmax>
      <ymax>402</ymax>
    </bndbox>
  </object>
  <object>
    <name>pedestrian</name>
    <bndbox>
      <xmin>153</xmin>
      <ymin>129</ymin>
      <xmax>193</xmax>
      <ymax>225</ymax>
    </bndbox>
  </object>
  <object>
    <name>pedestrian</name>
    <bndbox>
      <xmin>128</xmin>
      <ymin>126</ymin>
      <xmax>170</xmax>
      <ymax>222</ymax>
    </bndbox>
  </object>
  <object>
    <name>pedestrian</name>
    <bndbox>
      <xmin>127</xmin>
      <ymin>213</ymin>
      <xmax>177</xmax>
      <ymax>332</ymax>
    </bndbox>
  </object>
  <object>
    <name>pedestrian</name>
    <bndbox>
      <xmin>826</xmin>
      <ymin>219</ymin>
      <xmax>875</xmax>
      <ymax>344</ymax>
    </bndbox>
  </object>
  <object>
    <name>pedestrian</name>
    <bndbox>
      <xmin>166</xmin>
      <ymin>133</ymin>
      <xmax>207</xmax>
      <ymax>231</ymax>
    </bndbox>
  </object>
  <object>
    <name>pedestrian</name>
    <bndbox>
      <xmin>470</xmin>
      <ymin>5</ymin>
      <xmax>493</xmax>
      <ymax>69</ymax>
    </bndbox>
  </object>
</annotation>
