<annotation>
  <filename>102.jpg</filename>
  <size>
    <width>960</width>
    <height>540</height>
    <depth>3</depth>
  </size>
  <object>
    <name>pedestrian</name>
    <bndbox>
      <xmin>310</xmin>
      <ymin>53</ymin>
      <xmax>339</xmax>
      <ymax>130</ymax>
    </bndbox>
  </object>
  <object>
    <name>pedestrian</name>
    <bndbox>
      <xmin>513</xmin>
      <ymin>49</ymin>
      <xmax>540</xmax>
      <ymax>126</ymax>
    </bndbox>
  </object>
  <object>
    <name>pedestrian</name>
    <bndbox>
      <xmin>539</xmin>
      <ymin>57</ymin>
      <xmax>566</xmax>
      <ymax>136</ymax>
    </bndbox>
  </object>
  <object>
    <name>pedestrian</name>
    <bndbox>
      <xmin>191</xmin>
      <ymin>361</ymin>
      <xmax>253</xmax>
      <ymax>518</ymax>
    </bndbox>
  </object>
  <object>
    <name>pedestrian</name>
    <bndbox>
      <xmin>519</xmin>
      <ymin>289</ymin>
      <xmax>564</xmax>
      <ymax>430</ymax>
    </bndbox>
  </object>
  <object>
    <name>pedestrian</name>
    <bndbox>
      <xmin>831</xmin>
      <ymin>10</ymin>
      <xmax>863</xmax>
      <ymax>82</ymax>
    </bndbox>
  </object>
  <object>
    <name>pedestrian</name>
    <bndbox>
      <xmin>547</xmin>
      <ymin>5</ymin>
      <xmax>570</xmax>
      <ymax>69</ymax>
    </bndbox>
  </object>
  <object>
    <name>pedestrian</name>
    <bndbox>
      <xmin>796</xmin>
      <ymin>488</ymin>
      <xmax>865</xmax>
      <ymax>702</ymax>
    </bndbox>
  </object>
  <object>
    <name>pedestrian</name>
    <bndbox>
      <xmin>493</xmin>
      <ymin>16</ymin>
      <xmax>517</xmax>
      <ymax>84</ymax>
    </bndbox>
  </object>
  <object>
    <name>pedestrian</name>
    <bndbox>
      <xmin>853</xmin>
      <ymin>243</ymin>
      <xmax>906</xmax>
      <ymax>374</ymax>
    </bndbox>
  </object>
</annotation>
