<annotation>
  <filename>1020.jpg</filename>
  <size>
    <width>960</width>
    <height>540</height>
    <depth>3</depth>
  </size>
  <object>
    <name>pedestrian</name>
    <bndbox>
      <xmin>872</xmin>
      <ymin>67</ymin>
      <xmax>912</xmax>
      <ymax>154</ymax>
    </bndbox>
  </object>
  <object>
    <name>pedestrian</name>
    <bndbox>
      <xmin>27</xmin>
      <ymin>324</ymin>
      <xmax>95</xmax>
      <ymax>474</ymax>
    </bndbox>
  </object>
  <object>
    <name>pedestrian</name>
    <bndbox>
      <xmin>75</xmin>
      <ymin>268</ymin>
      <xmax>133</xmax>
      <ymax>401</ymax>
    </bndbox>
  </object>
  <object>
    <name>pedestrian</name>
    <bndbox>
      <xmin>137</xmin>
      <ymin>136</ymin>
      <xmax>179</xmax>
      <ymax>234</ymax>
    </bndbox>
  </object>
  <object>
    <name>pedestrian</name>
    <bndbox>
      <xmin>114</xmin>
      <ymin>128</ymin>
      <xmax>156</xmax>
      <ymax>224</ymax>
    </bndbox>
  </object>
  <object>
    <name>pedestrian</name>
    <bndbox>
      <xmin>135</xmin>
      <ymin>209</ymin>
      <xmax>184</xmax>
      <ymax>327</ymax>
    </bndbox>
  </object>
  <object>
    <name>pedestrian</name>
    <bndbox>
      <xmin>829</xmin>
      <ymin>213</ymin>
      <xmax>877</xmax>
      <ymax>336</ymax>
    </bndbox>
  </object>
  <object>
    <name>pedestrian</name>
    <bndbox>
      <xmin>187</xmin>
      <ymin>131</ymin>
      <xmax>226</xmax>
      <ymax>229</ymax>
    </bndbox>
  </object>
  <object>
    <name>pedestrian</name>
    <bndbox>
      <xmin>465</xmin>
      <ymin>6</ymin>
      <xmax>488</xmax>
      <ymax>71</ymax>
    </bndbox>
  </object>
</annotation>
