<annotation>
  <filename>1022.jpg</filename>
  <size>
    <width>960</width>
    <height>540</height>
    <depth>3</depth>
  </size>
  <object>
    <name>pedestrian</name>
    <bndbox>
      <xmin>872</xmin>
      <ymin>67</ymin>
      <xmax>911</xmax>
      <ymax>154</ymax>
    </bndbox>
  </object>
  <object>
    <name>pedestrian</name>
    <bndbox>
      <xmin>16</xmin>
      <ymin>325</ymin>
      <xmax>85</xmax>
      <ymax>475</ymax>
    </bndbox>
  </object>
  <object>
    <name>pedestrian</name>
    <bndbox>
      <xmin>64</xmin>
      <ymin>268</ymin>
      <xmax>124</xmax>
      <ymax>401</ymax>
    </bndbox>
  </object>
  <object>
    <name>pedestrian</name>
    <bndbox>
      <xmin>129</xmin>
      <ymin>136</ymin>
      <xmax>171</xmax>
      <ymax>234</ymax>
    </bndbox>
  </object>
  <object>
    <name>pedestrian</name>
    <bndbox>
      <xmin>110</xmin>
      <ymin>130</ymin>
      <xmax>153</xmax>
      <ymax>227</ymax>
    </bndbox>
  </object>
  <object>
    <name>pedestrian</name>
    <bndbox>
      <xmin>136</xmin>
      <ymin>207</ymin>
      <xmax>185</xmax>
      <ymax>324</ymax>
    </bndbox>
  </object>
  <object>
    <name>pedestrian</name>
    <bndbox>
      <xmin>829</xmin>
      <ymin>212</ymin>
      <xmax>877</xmax>
      <ymax>335</ymax>
    </bndbox>
  </object>
  <object>
    <name>pedestrian</name>
    <bndbox>
      <xmin>192</xmin>
      <ymin>128</ymin>
      <xmax>231</xmax>
      <ymax>225</ymax>
    </bndbox>
  </object>
  <object>
    <name>pedestrian</name>
    <bndbox>
      <xmin>463</xmin>
      <ymin>7</ymin>
      <xmax>487</xmax>
      <ymax>72</ymax>
    </bndbox>
  </object>
</annotation>
