<annotation>
  <filename>1023.jpg</filename>
  <size>
    <width>960</width>
    <height>540</height>
    <depth>3</depth>
  </size>
  <object>
    <name>pedestrian</name>
    <bndbox>
      <xmin>872</xmin>
      <ymin>67</ymin>
      <xmax>911</xmax>
      <ymax>154</ymax>
    </bndbox>
  </object>
  <object>
    <name>pedestrian</name>
    <bndbox>
      <xmin>11</xmin>
      <ymin>325</ymin>
      <xmax>80</xmax>
      <ymax>475</ymax>
    </bndbox>
  </object>
  <object>
    <name>pedestrian</name>
    <bndbox>
      <xmin>59</xmin>
      <ymin>268</ymin>
      <xmax>119</xmax>
      <ymax>401</ymax>
    </bndbox>
  </object>
  <object>
    <name>pedestrian</name>
    <bndbox>
      <xmin>126</xmin>
      <ymin>136</ymin>
      <xmax>168</xmax>
      <ymax>234</ymax>
    </bndbox>
  </object>
  <object>
    <name>pedestrian</name>
    <bndbox>
      <xmin>107</xmin>
      <ymin>135</ymin>
      <xmax>151</xmax>
      <ymax>233</ymax>
    </bndbox>
  </object>
  <object>
    <name>pedestrian</name>
    <bndbox>
      <xmin>137</xmin>
      <ymin>206</ymin>
      <xmax>186</xmax>
      <ymax>323</ymax>
    </bndbox>
  </object>
  <object>
    <name>pedestrian</name>
    <bndbox>
      <xmin>828</xmin>
      <ymin>212</ymin>
      <xmax>876</xmax>
      <ymax>334</ymax>
    </bndbox>
  </object>
  <object>
    <name>pedestrian</name>
    <bndbox>
      <xmin>195</xmin>
      <ymin>126</ymin>
      <xmax>233</xmax>
      <ymax>223</ymax>
    </bndbox>
  </object>
  <object>
    <name>pedestrian</name>
    <bndbox>
      <xmin>462</xmin>
      <ymin>7</ymin>
      <xmax>486</xmax>
      <ymax>72</ymax>
    </bndbox>
  </object>
</annotation>
