<annotation>
  <filename>1028.jpg</filename>
  <size>
    <width>960</width>
    <height>540</height>
    <depth>3</depth>
  </size>
  <object>
    <name>pedestrian</name>
    <bndbox>
      <xmin>872</xmin>
      <ymin>67</ymin>
      <xmax>911</xmax>
      <ymax>154</ymax>
    </bndbox>
  </object>
  <object>
    <name>pedestrian</name>
    <bndbox>
      <xmin>-17</xmin>
      <ymin>325</ymin>
      <xmax>56</xmax>
      <ymax>476</ymax>
    </bndbox>
  </object>
  <object>
    <name>pedestrian</name>
    <bndbox>
      <xmin>32</xmin>
      <ymin>272</ymin>
      <xmax>95</xmax>
      <ymax>407</ymax>
    </bndbox>
  </object>
  <object>
    <name>pedestrian</name>
    <bndbox>
      <xmin>114</xmin>
      <ymin>141</ymin>
      <xmax>158</xmax>
      <ymax>241</ymax>
    </bndbox>
  </object>
  <object>
    <name>pedestrian</name>
    <bndbox>
      <xmin>98</xmin>
      <ymin>139</ymin>
      <xmax>142</xmax>
      <ymax>239</ymax>
    </bndbox>
  </object>
  <object>
    <name>pedestrian</name>
    <bndbox>
      <xmin>141</xmin>
      <ymin>202</ymin>
      <xmax>189</xmax>
      <ymax>318</ymax>
    </bndbox>
  </object>
  <object>
    <name>pedestrian</name>
    <bndbox>
      <xmin>828</xmin>
      <ymin>206</ymin>
      <xmax>876</xmax>
      <ymax>327</ymax>
    </bndbox>
  </object>
  <object>
    <name>pedestrian</name>
    <bndbox>
      <xmin>206</xmin>
      <ymin>121</ymin>
      <xmax>244</xmax>
      <ymax>216</ymax>
    </bndbox>
  </object>
  <object>
    <name>pedestrian</name>
    <bndbox>
      <xmin>459</xmin>
      <ymin>8</ymin>
      <xmax>483</xmax>
      <ymax>74</ymax>
    </bndbox>
  </object>
</annotation>
