<annotation>
  <filename>1031.jpg</filename>
  <size>
    <width>960</width>
    <height>540</height>
    <depth>3</depth>
  </size>
  <object>
    <name>pedestrian</name>
    <bndbox>
      <xmin>872</xmin>
      <ymin>67</ymin>
      <xmax>911</xmax>
      <ymax>154</ymax>
    </bndbox>
  </object>
  <object>
    <name>pedestrian</name>
    <bndbox>
      <xmin>15</xmin>
      <ymin>271</ymin>
      <xmax>79</xmax>
      <ymax>406</ymax>
    </bndbox>
  </object>
  <object>
    <name>pedestrian</name>
    <bndbox>
      <xmin>108</xmin>
      <ymin>145</ymin>
      <xmax>152</xmax>
      <ymax>246</ymax>
    </bndbox>
  </object>
  <object>
    <name>pedestrian</name>
    <bndbox>
      <xmin>91</xmin>
      <ymin>140</ymin>
      <xmax>135</xmax>
      <ymax>240</ymax>
    </bndbox>
  </object>
  <object>
    <name>pedestrian</name>
    <bndbox>
      <xmin>142</xmin>
      <ymin>200</ymin>
      <xmax>190</xmax>
      <ymax>316</ymax>
    </bndbox>
  </object>
  <object>
    <name>pedestrian</name>
    <bndbox>
      <xmin>830</xmin>
      <ymin>203</ymin>
      <xmax>877</xmax>
      <ymax>323</ymax>
    </bndbox>
  </object>
  <object>
    <name>pedestrian</name>
    <bndbox>
      <xmin>213</xmin>
      <ymin>120</ymin>
      <xmax>250</xmax>
      <ymax>215</ymax>
    </bndbox>
  </object>
  <object>
    <name>pedestrian</name>
    <bndbox>
      <xmin>456</xmin>
      <ymin>10</ymin>
      <xmax>480</xmax>
      <ymax>76</ymax>
    </bndbox>
  </object>
</annotation>
