<annotation>
  <filename>1036.jpg</filename>
  <size>
    <width>960</width>
    <height>540</height>
    <depth>3</depth>
  </size>
  <object>
    <name>pedestrian</name>
    <bndbox>
      <xmin>872</xmin>
      <ymin>67</ymin>
      <xmax>911</xmax>
      <ymax>154</ymax>
    </bndbox>
  </object>
  <object>
    <name>pedestrian</name>
    <bndbox>
      <xmin>-12</xmin>
      <ymin>271</ymin>
      <xmax>55</xmax>
      <ymax>406</ymax>
    </bndbox>
  </object>
  <object>
    <name>pedestrian</name>
    <bndbox>
      <xmin>94</xmin>
      <ymin>148</ymin>
      <xmax>140</xmax>
      <ymax>250</ymax>
    </bndbox>
  </object>
  <object>
    <name>pedestrian</name>
    <bndbox>
      <xmin>78</xmin>
      <ymin>147</ymin>
      <xmax>124</xmax>
      <ymax>249</ymax>
    </bndbox>
  </object>
  <object>
    <name>pedestrian</name>
    <bndbox>
      <xmin>143</xmin>
      <ymin>195</ymin>
      <xmax>190</xmax>
      <ymax>309</ymax>
    </bndbox>
  </object>
  <object>
    <name>pedestrian</name>
    <bndbox>
      <xmin>833</xmin>
      <ymin>200</ymin>
      <xmax>880</xmax>
      <ymax>320</ymax>
    </bndbox>
  </object>
  <object>
    <name>pedestrian</name>
    <bndbox>
      <xmin>224</xmin>
      <ymin>113</ymin>
      <xmax>260</xmax>
      <ymax>206</ymax>
    </bndbox>
  </object>
  <object>
    <name>pedestrian</name>
    <bndbox>
      <xmin>452</xmin>
      <ymin>11</ymin>
      <xmax>477</xmax>
      <ymax>77</ymax>
    </bndbox>
  </object>
</annotation>
