<annotation>
  <filename>104.jpg</filename>
  <size>
    <width>960</width>
    <height>540</height>
    <depth>3</depth>
  </size>
  <object>
    <name>pedestrian</name>
    <bndbox>
      <xmin>313</xmin>
      <ymin>53</ymin>
      <xmax>342</xmax>
      <ymax>130</ymax>
    </bndbox>
  </object>
  <object>
    <name>pedestrian</name>
    <bndbox>
      <xmin>515</xmin>
      <ymin>47</ymin>
      <xmax>541</xmax>
      <ymax>123</ymax>
    </bndbox>
  </object>
  <object>
    <name>pedestrian</name>
    <bndbox>
      <xmin>541</xmin>
      <ymin>56</ymin>
      <xmax>568</xmax>
      <ymax>135</ymax>
    </bndbox>
  </object>
  <object>
    <name>pedestrian</name>
    <bndbox>
      <xmin>183</xmin>
      <ymin>364</ymin>
      <xmax>246</xmax>
      <ymax>523</ymax>
    </bndbox>
  </object>
  <object>
    <name>pedestrian</name>
    <bndbox>
      <xmin>522</xmin>
      <ymin>286</ymin>
      <xmax>567</xmax>
      <ymax>426</ymax>
    </bndbox>
  </object>
  <object>
    <name>pedestrian</name>
    <bndbox>
      <xmin>832</xmin>
      <ymin>10</ymin>
      <xmax>863</xmax>
      <ymax>82</ymax>
    </bndbox>
  </object>
  <object>
    <name>pedestrian</name>
    <bndbox>
      <xmin>548</xmin>
      <ymin>4</ymin>
      <xmax>571</xmax>
      <ymax>69</ymax>
    </bndbox>
  </object>
  <object>
    <name>pedestrian</name>
    <bndbox>
      <xmin>795</xmin>
      <ymin>493</ymin>
      <xmax>864</xmax>
      <ymax>710</ymax>
    </bndbox>
  </object>
  <object>
    <name>pedestrian</name>
    <bndbox>
      <xmin>491</xmin>
      <ymin>16</ymin>
      <xmax>515</xmax>
      <ymax>84</ymax>
    </bndbox>
  </object>
  <object>
    <name>pedestrian</name>
    <bndbox>
      <xmin>852</xmin>
      <ymin>244</ymin>
      <xmax>905</xmax>
      <ymax>375</ymax>
    </bndbox>
  </object>
</annotation>
