<annotation>
  <filename>1041.jpg</filename>
  <size>
    <width>960</width>
    <height>540</height>
    <depth>3</depth>
  </size>
  <object>
    <name>pedestrian</name>
    <bndbox>
      <xmin>872</xmin>
      <ymin>67</ymin>
      <xmax>911</xmax>
      <ymax>154</ymax>
    </bndbox>
  </object>
  <object>
    <name>pedestrian</name>
    <bndbox>
      <xmin>80</xmin>
      <ymin>155</ymin>
      <xmax>127</xmax>
      <ymax>258</ymax>
    </bndbox>
  </object>
  <object>
    <name>pedestrian</name>
    <bndbox>
      <xmin>64</xmin>
      <ymin>149</ymin>
      <xmax>112</xmax>
      <ymax>252</ymax>
    </bndbox>
  </object>
  <object>
    <name>pedestrian</name>
    <bndbox>
      <xmin>147</xmin>
      <ymin>190</ymin>
      <xmax>194</xmax>
      <ymax>303</ymax>
    </bndbox>
  </object>
  <object>
    <name>pedestrian</name>
    <bndbox>
      <xmin>838</xmin>
      <ymin>195</ymin>
      <xmax>885</xmax>
      <ymax>313</ymax>
    </bndbox>
  </object>
  <object>
    <name>pedestrian</name>
    <bndbox>
      <xmin>236</xmin>
      <ymin>110</ymin>
      <xmax>272</xmax>
      <ymax>202</ymax>
    </bndbox>
  </object>
  <object>
    <name>pedestrian</name>
    <bndbox>
      <xmin>448</xmin>
      <ymin>12</ymin>
      <xmax>473</xmax>
      <ymax>79</ymax>
    </bndbox>
  </object>
</annotation>
