<annotation>
  <filename>1044.jpg</filename>
  <size>
    <width>960</width>
    <height>540</height>
    <depth>3</depth>
  </size>
  <object>
    <name>pedestrian</name>
    <bndbox>
      <xmin>872</xmin>
      <ymin>67</ymin>
      <xmax>911</xmax>
      <ymax>154</ymax>
    </bndbox>
  </object>
  <object>
    <name>pedestrian</name>
    <bndbox>
      <xmin>71</xmin>
      <ymin>157</ymin>
      <xmax>119</xmax>
      <ymax>261</ymax>
    </bndbox>
  </object>
  <object>
    <name>pedestrian</name>
    <bndbox>
      <xmin>57</xmin>
      <ymin>154</ymin>
      <xmax>105</xmax>
      <ymax>257</ymax>
    </bndbox>
  </object>
  <object>
    <name>pedestrian</name>
    <bndbox>
      <xmin>150</xmin>
      <ymin>189</ymin>
      <xmax>197</xmax>
      <ymax>301</ymax>
    </bndbox>
  </object>
  <object>
    <name>pedestrian</name>
    <bndbox>
      <xmin>840</xmin>
      <ymin>192</ymin>
      <xmax>887</xmax>
      <ymax>309</ymax>
    </bndbox>
  </object>
  <object>
    <name>pedestrian</name>
    <bndbox>
      <xmin>245</xmin>
      <ymin>109</ymin>
      <xmax>281</xmax>
      <ymax>201</ymax>
    </bndbox>
  </object>
  <object>
    <name>pedestrian</name>
    <bndbox>
      <xmin>445</xmin>
      <ymin>14</ymin>
      <xmax>470</xmax>
      <ymax>81</ymax>
    </bndbox>
  </object>
</annotation>
