<annotation>
  <filename>1049.jpg</filename>
  <size>
    <width>960</width>
    <height>540</height>
    <depth>3</depth>
  </size>
  <object>
    <name>pedestrian</name>
    <bndbox>
      <xmin>872</xmin>
      <ymin>67</ymin>
      <xmax>911</xmax>
      <ymax>154</ymax>
    </bndbox>
  </object>
  <object>
    <name>pedestrian</name>
    <bndbox>
      <xmin>59</xmin>
      <ymin>161</ymin>
      <xmax>108</xmax>
      <ymax>266</ymax>
    </bndbox>
  </object>
  <object>
    <name>pedestrian</name>
    <bndbox>
      <xmin>45</xmin>
      <ymin>160</ymin>
      <xmax>95</xmax>
      <ymax>265</ymax>
    </bndbox>
  </object>
  <object>
    <name>pedestrian</name>
    <bndbox>
      <xmin>158</xmin>
      <ymin>186</ymin>
      <xmax>203</xmax>
      <ymax>297</ymax>
    </bndbox>
  </object>
  <object>
    <name>pedestrian</name>
    <bndbox>
      <xmin>841</xmin>
      <ymin>189</ymin>
      <xmax>888</xmax>
      <ymax>305</ymax>
    </bndbox>
  </object>
  <object>
    <name>pedestrian</name>
    <bndbox>
      <xmin>258</xmin>
      <ymin>103</ymin>
      <xmax>292</xmax>
      <ymax>193</ymax>
    </bndbox>
  </object>
  <object>
    <name>pedestrian</name>
    <bndbox>
      <xmin>440</xmin>
      <ymin>15</ymin>
      <xmax>465</xmax>
      <ymax>82</ymax>
    </bndbox>
  </object>
  <object>
    <name>pedestrian</name>
    <bndbox>
      <xmin>646</xmin>
      <ymin>486</ymin>
      <xmax>709</xmax>
      <ymax>684</ymax>
    </bndbox>
  </object>
</annotation>
