<annotation>
  <filename>1050.jpg</filename>
  <size>
    <width>960</width>
    <height>540</height>
    <depth>3</depth>
  </size>
  <object>
    <name>pedestrian</name>
    <bndbox>
      <xmin>872</xmin>
      <ymin>67</ymin>
      <xmax>911</xmax>
      <ymax>154</ymax>
    </bndbox>
  </object>
  <object>
    <name>pedestrian</name>
    <bndbox>
      <xmin>57</xmin>
      <ymin>162</ymin>
      <xmax>106</xmax>
      <ymax>268</ymax>
    </bndbox>
  </object>
  <object>
    <name>pedestrian</name>
    <bndbox>
      <xmin>42</xmin>
      <ymin>160</ymin>
      <xmax>93</xmax>
      <ymax>265</ymax>
    </bndbox>
  </object>
  <object>
    <name>pedestrian</name>
    <bndbox>
      <xmin>159</xmin>
      <ymin>185</ymin>
      <xmax>205</xmax>
      <ymax>296</ymax>
    </bndbox>
  </object>
  <object>
    <name>pedestrian</name>
    <bndbox>
      <xmin>841</xmin>
      <ymin>188</ymin>
      <xmax>887</xmax>
      <ymax>304</ymax>
    </bndbox>
  </object>
  <object>
    <name>pedestrian</name>
    <bndbox>
      <xmin>260</xmin>
      <ymin>101</ymin>
      <xmax>294</xmax>
      <ymax>192</ymax>
    </bndbox>
  </object>
  <object>
    <name>pedestrian</name>
    <bndbox>
      <xmin>439</xmin>
      <ymin>15</ymin>
      <xmax>464</xmax>
      <ymax>82</ymax>
    </bndbox>
  </object>
  <object>
    <name>pedestrian</name>
    <bndbox>
      <xmin>646</xmin>
      <ymin>483</ymin>
      <xmax>710</xmax>
      <ymax>680</ymax>
    </bndbox>
  </object>
  <object>
    <name>pedestrian</name>
    <bndbox>
      <xmin>714</xmin>
      <ymin>492</ymin>
      <xmax>780</xmax>
      <ymax>699</ymax>
    </bndbox>
  </object>
</annotation>
