<annotation>
  <filename>1057.jpg</filename>
  <size>
    <width>960</width>
    <height>540</height>
    <depth>3</depth>
  </size>
  <object>
    <name>pedestrian</name>
    <bndbox>
      <xmin>872</xmin>
      <ymin>67</ymin>
      <xmax>911</xmax>
      <ymax>154</ymax>
    </bndbox>
  </object>
  <object>
    <name>pedestrian</name>
    <bndbox>
      <xmin>39</xmin>
      <ymin>169</ymin>
      <xmax>90</xmax>
      <ymax>277</ymax>
    </bndbox>
  </object>
  <object>
    <name>pedestrian</name>
    <bndbox>
      <xmin>23</xmin>
      <ymin>168</ymin>
      <xmax>76</xmax>
      <ymax>275</ymax>
    </bndbox>
  </object>
  <object>
    <name>pedestrian</name>
    <bndbox>
      <xmin>165</xmin>
      <ymin>178</ymin>
      <xmax>209</xmax>
      <ymax>288</ymax>
    </bndbox>
  </object>
  <object>
    <name>pedestrian</name>
    <bndbox>
      <xmin>840</xmin>
      <ymin>182</ymin>
      <xmax>886</xmax>
      <ymax>296</ymax>
    </bndbox>
  </object>
  <object>
    <name>pedestrian</name>
    <bndbox>
      <xmin>273</xmin>
      <ymin>99</ymin>
      <xmax>307</xmax>
      <ymax>188</ymax>
    </bndbox>
  </object>
  <object>
    <name>pedestrian</name>
    <bndbox>
      <xmin>433</xmin>
      <ymin>19</ymin>
      <xmax>458</xmax>
      <ymax>87</ymax>
    </bndbox>
  </object>
  <object>
    <name>pedestrian</name>
    <bndbox>
      <xmin>652</xmin>
      <ymin>467</ymin>
      <xmax>714</xmax>
      <ymax>657</ymax>
    </bndbox>
  </object>
  <object>
    <name>pedestrian</name>
    <bndbox>
      <xmin>719</xmin>
      <ymin>479</ymin>
      <xmax>784</xmax>
      <ymax>679</ymax>
    </bndbox>
  </object>
</annotation>
