<annotation>
  <filename>1058.jpg</filename>
  <size>
    <width>960</width>
    <height>540</height>
    <depth>3</depth>
  </size>
  <object>
    <name>pedestrian</name>
    <bndbox>
      <xmin>871</xmin>
      <ymin>67</ymin>
      <xmax>911</xmax>
      <ymax>154</ymax>
    </bndbox>
  </object>
  <object>
    <name>pedestrian</name>
    <bndbox>
      <xmin>36</xmin>
      <ymin>170</ymin>
      <xmax>88</xmax>
      <ymax>278</ymax>
    </bndbox>
  </object>
  <object>
    <name>pedestrian</name>
    <bndbox>
      <xmin>20</xmin>
      <ymin>169</ymin>
      <xmax>74</xmax>
      <ymax>276</ymax>
    </bndbox>
  </object>
  <object>
    <name>pedestrian</name>
    <bndbox>
      <xmin>165</xmin>
      <ymin>177</ymin>
      <xmax>210</xmax>
      <ymax>287</ymax>
    </bndbox>
  </object>
  <object>
    <name>pedestrian</name>
    <bndbox>
      <xmin>841</xmin>
      <ymin>181</ymin>
      <xmax>887</xmax>
      <ymax>295</ymax>
    </bndbox>
  </object>
  <object>
    <name>pedestrian</name>
    <bndbox>
      <xmin>275</xmin>
      <ymin>98</ymin>
      <xmax>308</xmax>
      <ymax>187</ymax>
    </bndbox>
  </object>
  <object>
    <name>pedestrian</name>
    <bndbox>
      <xmin>432</xmin>
      <ymin>19</ymin>
      <xmax>457</xmax>
      <ymax>88</ymax>
    </bndbox>
  </object>
  <object>
    <name>pedestrian</name>
    <bndbox>
      <xmin>653</xmin>
      <ymin>465</ymin>
      <xmax>715</xmax>
      <ymax>655</ymax>
    </bndbox>
  </object>
  <object>
    <name>pedestrian</name>
    <bndbox>
      <xmin>719</xmin>
      <ymin>476</ymin>
      <xmax>784</xmax>
      <ymax>675</ymax>
    </bndbox>
  </object>
</annotation>
