<annotation>
  <filename>1065.jpg</filename>
  <size>
    <width>960</width>
    <height>540</height>
    <depth>3</depth>
  </size>
  <object>
    <name>pedestrian</name>
    <bndbox>
      <xmin>871</xmin>
      <ymin>67</ymin>
      <xmax>911</xmax>
      <ymax>154</ymax>
    </bndbox>
  </object>
  <object>
    <name>pedestrian</name>
    <bndbox>
      <xmin>16</xmin>
      <ymin>179</ymin>
      <xmax>71</xmax>
      <ymax>290</ymax>
    </bndbox>
  </object>
  <object>
    <name>pedestrian</name>
    <bndbox>
      <xmin>1</xmin>
      <ymin>174</ymin>
      <xmax>56</xmax>
      <ymax>283</ymax>
    </bndbox>
  </object>
  <object>
    <name>pedestrian</name>
    <bndbox>
      <xmin>165</xmin>
      <ymin>172</ymin>
      <xmax>209</xmax>
      <ymax>281</ymax>
    </bndbox>
  </object>
  <object>
    <name>pedestrian</name>
    <bndbox>
      <xmin>843</xmin>
      <ymin>176</ymin>
      <xmax>889</xmax>
      <ymax>289</ymax>
    </bndbox>
  </object>
  <object>
    <name>pedestrian</name>
    <bndbox>
      <xmin>289</xmin>
      <ymin>90</ymin>
      <xmax>322</xmax>
      <ymax>177</ymax>
    </bndbox>
  </object>
  <object>
    <name>pedestrian</name>
    <bndbox>
      <xmin>427</xmin>
      <ymin>20</ymin>
      <xmax>452</xmax>
      <ymax>88</ymax>
    </bndbox>
  </object>
  <object>
    <name>pedestrian</name>
    <bndbox>
      <xmin>665</xmin>
      <ymin>454</ymin>
      <xmax>728</xmax>
      <ymax>640</ymax>
    </bndbox>
  </object>
  <object>
    <name>pedestrian</name>
    <bndbox>
      <xmin>729</xmin>
      <ymin>462</ymin>
      <xmax>794</xmax>
      <ymax>656</ymax>
    </bndbox>
  </object>
  <object>
    <name>pedestrian</name>
    <bndbox>
      <xmin>-6</xmin>
      <ymin>215</ymin>
      <xmax>55</xmax>
      <ymax>335</ymax>
    </bndbox>
  </object>
</annotation>
