<annotation>
  <filename>1068.jpg</filename>
  <size>
    <width>960</width>
    <height>540</height>
    <depth>3</depth>
  </size>
  <object>
    <name>pedestrian</name>
    <bndbox>
      <xmin>871</xmin>
      <ymin>67</ymin>
      <xmax>911</xmax>
      <ymax>154</ymax>
    </bndbox>
  </object>
  <object>
    <name>pedestrian</name>
    <bndbox>
      <xmin>7</xmin>
      <ymin>182</ymin>
      <xmax>63</xmax>
      <ymax>293</ymax>
    </bndbox>
  </object>
  <object>
    <name>pedestrian</name>
    <bndbox>
      <xmin>-7</xmin>
      <ymin>179</ymin>
      <xmax>50</xmax>
      <ymax>290</ymax>
    </bndbox>
  </object>
  <object>
    <name>pedestrian</name>
    <bndbox>
      <xmin>167</xmin>
      <ymin>169</ymin>
      <xmax>211</xmax>
      <ymax>277</ymax>
    </bndbox>
  </object>
  <object>
    <name>pedestrian</name>
    <bndbox>
      <xmin>845</xmin>
      <ymin>174</ymin>
      <xmax>891</xmax>
      <ymax>287</ymax>
    </bndbox>
  </object>
  <object>
    <name>pedestrian</name>
    <bndbox>
      <xmin>297</xmin>
      <ymin>90</ymin>
      <xmax>329</xmax>
      <ymax>177</ymax>
    </bndbox>
  </object>
  <object>
    <name>pedestrian</name>
    <bndbox>
      <xmin>425</xmin>
      <ymin>21</ymin>
      <xmax>450</xmax>
      <ymax>89</ymax>
    </bndbox>
  </object>
  <object>
    <name>pedestrian</name>
    <bndbox>
      <xmin>668</xmin>
      <ymin>446</ymin>
      <xmax>730</xmax>
      <ymax>630</ymax>
    </bndbox>
  </object>
  <object>
    <name>pedestrian</name>
    <bndbox>
      <xmin>735</xmin>
      <ymin>457</ymin>
      <xmax>799</xmax>
      <ymax>650</ymax>
    </bndbox>
  </object>
  <object>
    <name>pedestrian</name>
    <bndbox>
      <xmin>4</xmin>
      <ymin>214</ymin>
      <xmax>63</xmax>
      <ymax>334</ymax>
    </bndbox>
  </object>
</annotation>
