<annotation>
  <filename>107.jpg</filename>
  <size>
    <width>960</width>
    <height>540</height>
    <depth>3</depth>
  </size>
  <object>
    <name>pedestrian</name>
    <bndbox>
      <xmin>318</xmin>
      <ymin>54</ymin>
      <xmax>347</xmax>
      <ymax>131</ymax>
    </bndbox>
  </object>
  <object>
    <name>pedestrian</name>
    <bndbox>
      <xmin>517</xmin>
      <ymin>46</ymin>
      <xmax>544</xmax>
      <ymax>123</ymax>
    </bndbox>
  </object>
  <object>
    <name>pedestrian</name>
    <bndbox>
      <xmin>544</xmin>
      <ymin>53</ymin>
      <xmax>571</xmax>
      <ymax>132</ymax>
    </bndbox>
  </object>
  <object>
    <name>pedestrian</name>
    <bndbox>
      <xmin>172</xmin>
      <ymin>374</ymin>
      <xmax>236</xmax>
      <ymax>535</ymax>
    </bndbox>
  </object>
  <object>
    <name>pedestrian</name>
    <bndbox>
      <xmin>527</xmin>
      <ymin>283</ymin>
      <xmax>571</xmax>
      <ymax>424</ymax>
    </bndbox>
  </object>
  <object>
    <name>pedestrian</name>
    <bndbox>
      <xmin>834</xmin>
      <ymin>10</ymin>
      <xmax>865</xmax>
      <ymax>82</ymax>
    </bndbox>
  </object>
  <object>
    <name>pedestrian</name>
    <bndbox>
      <xmin>550</xmin>
      <ymin>3</ymin>
      <xmax>572</xmax>
      <ymax>68</ymax>
    </bndbox>
  </object>
  <object>
    <name>pedestrian</name>
    <bndbox>
      <xmin>796</xmin>
      <ymin>500</ymin>
      <xmax>867</xmax>
      <ymax>721</ymax>
    </bndbox>
  </object>
  <object>
    <name>pedestrian</name>
    <bndbox>
      <xmin>488</xmin>
      <ymin>17</ymin>
      <xmax>513</xmax>
      <ymax>85</ymax>
    </bndbox>
  </object>
  <object>
    <name>pedestrian</name>
    <bndbox>
      <xmin>849</xmin>
      <ymin>247</ymin>
      <xmax>902</xmax>
      <ymax>380</ymax>
    </bndbox>
  </object>
</annotation>
