<annotation>
  <filename>1077.jpg</filename>
  <size>
    <width>960</width>
    <height>540</height>
    <depth>3</depth>
  </size>
  <object>
    <name>pedestrian</name>
    <bndbox>
      <xmin>872</xmin>
      <ymin>67</ymin>
      <xmax>911</xmax>
      <ymax>153</ymax>
    </bndbox>
  </object>
  <object>
    <name>pedestrian</name>
    <bndbox>
      <xmin>-20</xmin>
      <ymin>194</ymin>
      <xmax>41</xmax>
      <ymax>310</ymax>
    </bndbox>
  </object>
  <object>
    <name>pedestrian</name>
    <bndbox>
      <xmin>176</xmin>
      <ymin>165</ymin>
      <xmax>219</xmax>
      <ymax>272</ymax>
    </bndbox>
  </object>
  <object>
    <name>pedestrian</name>
    <bndbox>
      <xmin>849</xmin>
      <ymin>166</ymin>
      <xmax>895</xmax>
      <ymax>277</ymax>
    </bndbox>
  </object>
  <object>
    <name>pedestrian</name>
    <bndbox>
      <xmin>315</xmin>
      <ymin>81</ymin>
      <xmax>347</xmax>
      <ymax>166</ymax>
    </bndbox>
  </object>
  <object>
    <name>pedestrian</name>
    <bndbox>
      <xmin>416</xmin>
      <ymin>23</ymin>
      <xmax>442</xmax>
      <ymax>92</ymax>
    </bndbox>
  </object>
  <object>
    <name>pedestrian</name>
    <bndbox>
      <xmin>672</xmin>
      <ymin>432</ymin>
      <xmax>733</xmax>
      <ymax>611</ymax>
    </bndbox>
  </object>
  <object>
    <name>pedestrian</name>
    <bndbox>
      <xmin>749</xmin>
      <ymin>437</ymin>
      <xmax>813</xmax>
      <ymax>623</ymax>
    </bndbox>
  </object>
  <object>
    <name>pedestrian</name>
    <bndbox>
      <xmin>28</xmin>
      <ymin>206</ymin>
      <xmax>84</xmax>
      <ymax>323</ymax>
    </bndbox>
  </object>
</annotation>
