<annotation>
  <filename>1088.jpg</filename>
  <size>
    <width>960</width>
    <height>540</height>
    <depth>3</depth>
  </size>
  <object>
    <name>pedestrian</name>
    <bndbox>
      <xmin>872</xmin>
      <ymin>67</ymin>
      <xmax>911</xmax>
      <ymax>153</ymax>
    </bndbox>
  </object>
  <object>
    <name>pedestrian</name>
    <bndbox>
      <xmin>188</xmin>
      <ymin>158</ymin>
      <xmax>230</xmax>
      <ymax>263</ymax>
    </bndbox>
  </object>
  <object>
    <name>pedestrian</name>
    <bndbox>
      <xmin>849</xmin>
      <ymin>159</ymin>
      <xmax>893</xmax>
      <ymax>267</ymax>
    </bndbox>
  </object>
  <object>
    <name>pedestrian</name>
    <bndbox>
      <xmin>333</xmin>
      <ymin>73</ymin>
      <xmax>364</xmax>
      <ymax>156</ymax>
    </bndbox>
  </object>
  <object>
    <name>pedestrian</name>
    <bndbox>
      <xmin>415</xmin>
      <ymin>30</ymin>
      <xmax>441</xmax>
      <ymax>101</ymax>
    </bndbox>
  </object>
  <object>
    <name>pedestrian</name>
    <bndbox>
      <xmin>677</xmin>
      <ymin>410</ymin>
      <xmax>737</xmax>
      <ymax>583</ymax>
    </bndbox>
  </object>
  <object>
    <name>pedestrian</name>
    <bndbox>
      <xmin>756</xmin>
      <ymin>417</ymin>
      <xmax>819</xmax>
      <ymax>596</ymax>
    </bndbox>
  </object>
  <object>
    <name>pedestrian</name>
    <bndbox>
      <xmin>47</xmin>
      <ymin>196</ymin>
      <xmax>100</xmax>
      <ymax>310</ymax>
    </bndbox>
  </object>
  <object>
    <name>pedestrian</name>
    <bndbox>
      <xmin>666</xmin>
      <ymin>489</ymin>
      <xmax>730</xmax>
      <ymax>689</ymax>
    </bndbox>
  </object>
</annotation>
