<annotation>
  <filename>1089.jpg</filename>
  <size>
    <width>960</width>
    <height>540</height>
    <depth>3</depth>
  </size>
  <object>
    <name>pedestrian</name>
    <bndbox>
      <xmin>872</xmin>
      <ymin>67</ymin>
      <xmax>911</xmax>
      <ymax>153</ymax>
    </bndbox>
  </object>
  <object>
    <name>pedestrian</name>
    <bndbox>
      <xmin>188</xmin>
      <ymin>158</ymin>
      <xmax>230</xmax>
      <ymax>263</ymax>
    </bndbox>
  </object>
  <object>
    <name>pedestrian</name>
    <bndbox>
      <xmin>849</xmin>
      <ymin>158</ymin>
      <xmax>894</xmax>
      <ymax>267</ymax>
    </bndbox>
  </object>
  <object>
    <name>pedestrian</name>
    <bndbox>
      <xmin>335</xmin>
      <ymin>72</ymin>
      <xmax>365</xmax>
      <ymax>155</ymax>
    </bndbox>
  </object>
  <object>
    <name>pedestrian</name>
    <bndbox>
      <xmin>415</xmin>
      <ymin>30</ymin>
      <xmax>441</xmax>
      <ymax>101</ymax>
    </bndbox>
  </object>
  <object>
    <name>pedestrian</name>
    <bndbox>
      <xmin>678</xmin>
      <ymin>408</ymin>
      <xmax>738</xmax>
      <ymax>581</ymax>
    </bndbox>
  </object>
  <object>
    <name>pedestrian</name>
    <bndbox>
      <xmin>757</xmin>
      <ymin>416</ymin>
      <xmax>820</xmax>
      <ymax>594</ymax>
    </bndbox>
  </object>
  <object>
    <name>pedestrian</name>
    <bndbox>
      <xmin>49</xmin>
      <ymin>195</ymin>
      <xmax>102</xmax>
      <ymax>309</ymax>
    </bndbox>
  </object>
  <object>
    <name>pedestrian</name>
    <bndbox>
      <xmin>669</xmin>
      <ymin>488</ymin>
      <xmax>733</xmax>
      <ymax>688</ymax>
    </bndbox>
  </object>
</annotation>
