<annotation>
  <filename>109.jpg</filename>
  <size>
    <width>960</width>
    <height>540</height>
    <depth>3</depth>
  </size>
  <object>
    <name>pedestrian</name>
    <bndbox>
      <xmin>321</xmin>
      <ymin>53</ymin>
      <xmax>350</xmax>
      <ymax>130</ymax>
    </bndbox>
  </object>
  <object>
    <name>pedestrian</name>
    <bndbox>
      <xmin>519</xmin>
      <ymin>47</ymin>
      <xmax>545</xmax>
      <ymax>123</ymax>
    </bndbox>
  </object>
  <object>
    <name>pedestrian</name>
    <bndbox>
      <xmin>547</xmin>
      <ymin>52</ymin>
      <xmax>573</xmax>
      <ymax>130</ymax>
    </bndbox>
  </object>
  <object>
    <name>pedestrian</name>
    <bndbox>
      <xmin>164</xmin>
      <ymin>379</ymin>
      <xmax>229</xmax>
      <ymax>541</ymax>
    </bndbox>
  </object>
  <object>
    <name>pedestrian</name>
    <bndbox>
      <xmin>530</xmin>
      <ymin>282</ymin>
      <xmax>574</xmax>
      <ymax>421</ymax>
    </bndbox>
  </object>
  <object>
    <name>pedestrian</name>
    <bndbox>
      <xmin>835</xmin>
      <ymin>9</ymin>
      <xmax>866</xmax>
      <ymax>81</ymax>
    </bndbox>
  </object>
  <object>
    <name>pedestrian</name>
    <bndbox>
      <xmin>551</xmin>
      <ymin>2</ymin>
      <xmax>574</xmax>
      <ymax>66</ymax>
    </bndbox>
  </object>
  <object>
    <name>pedestrian</name>
    <bndbox>
      <xmin>487</xmin>
      <ymin>18</ymin>
      <xmax>511</xmax>
      <ymax>87</ymax>
    </bndbox>
  </object>
  <object>
    <name>pedestrian</name>
    <bndbox>
      <xmin>846</xmin>
      <ymin>252</ymin>
      <xmax>900</xmax>
      <ymax>385</ymax>
    </bndbox>
  </object>
</annotation>
