<annotation>
  <filename>1092.jpg</filename>
  <size>
    <width>960</width>
    <height>540</height>
    <depth>3</depth>
  </size>
  <object>
    <name>pedestrian</name>
    <bndbox>
      <xmin>872</xmin>
      <ymin>67</ymin>
      <xmax>911</xmax>
      <ymax>154</ymax>
    </bndbox>
  </object>
  <object>
    <name>pedestrian</name>
    <bndbox>
      <xmin>190</xmin>
      <ymin>157</ymin>
      <xmax>232</xmax>
      <ymax>261</ymax>
    </bndbox>
  </object>
  <object>
    <name>pedestrian</name>
    <bndbox>
      <xmin>851</xmin>
      <ymin>157</ymin>
      <xmax>896</xmax>
      <ymax>265</ymax>
    </bndbox>
  </object>
  <object>
    <name>pedestrian</name>
    <bndbox>
      <xmin>341</xmin>
      <ymin>72</ymin>
      <xmax>372</xmax>
      <ymax>155</ymax>
    </bndbox>
  </object>
  <object>
    <name>pedestrian</name>
    <bndbox>
      <xmin>415</xmin>
      <ymin>30</ymin>
      <xmax>441</xmax>
      <ymax>101</ymax>
    </bndbox>
  </object>
  <object>
    <name>pedestrian</name>
    <bndbox>
      <xmin>683</xmin>
      <ymin>405</ymin>
      <xmax>742</xmax>
      <ymax>577</ymax>
    </bndbox>
  </object>
  <object>
    <name>pedestrian</name>
    <bndbox>
      <xmin>761</xmin>
      <ymin>412</ymin>
      <xmax>823</xmax>
      <ymax>589</ymax>
    </bndbox>
  </object>
  <object>
    <name>pedestrian</name>
    <bndbox>
      <xmin>57</xmin>
      <ymin>194</ymin>
      <xmax>110</xmax>
      <ymax>308</ymax>
    </bndbox>
  </object>
  <object>
    <name>pedestrian</name>
    <bndbox>
      <xmin>676</xmin>
      <ymin>482</ymin>
      <xmax>740</xmax>
      <ymax>681</ymax>
    </bndbox>
  </object>
</annotation>
