<annotation>
  <filename>1093.jpg</filename>
  <size>
    <width>960</width>
    <height>540</height>
    <depth>3</depth>
  </size>
  <object>
    <name>pedestrian</name>
    <bndbox>
      <xmin>872</xmin>
      <ymin>67</ymin>
      <xmax>911</xmax>
      <ymax>154</ymax>
    </bndbox>
  </object>
  <object>
    <name>pedestrian</name>
    <bndbox>
      <xmin>190</xmin>
      <ymin>156</ymin>
      <xmax>232</xmax>
      <ymax>261</ymax>
    </bndbox>
  </object>
  <object>
    <name>pedestrian</name>
    <bndbox>
      <xmin>852</xmin>
      <ymin>156</ymin>
      <xmax>897</xmax>
      <ymax>265</ymax>
    </bndbox>
  </object>
  <object>
    <name>pedestrian</name>
    <bndbox>
      <xmin>344</xmin>
      <ymin>72</ymin>
      <xmax>374</xmax>
      <ymax>155</ymax>
    </bndbox>
  </object>
  <object>
    <name>pedestrian</name>
    <bndbox>
      <xmin>396</xmin>
      <ymin>27</ymin>
      <xmax>421</xmax>
      <ymax>97</ymax>
    </bndbox>
  </object>
  <object>
    <name>pedestrian</name>
    <bndbox>
      <xmin>685</xmin>
      <ymin>404</ymin>
      <xmax>744</xmax>
      <ymax>576</ymax>
    </bndbox>
  </object>
  <object>
    <name>pedestrian</name>
    <bndbox>
      <xmin>762</xmin>
      <ymin>410</ymin>
      <xmax>824</xmax>
      <ymax>587</ymax>
    </bndbox>
  </object>
  <object>
    <name>pedestrian</name>
    <bndbox>
      <xmin>60</xmin>
      <ymin>194</ymin>
      <xmax>112</xmax>
      <ymax>308</ymax>
    </bndbox>
  </object>
  <object>
    <name>pedestrian</name>
    <bndbox>
      <xmin>677</xmin>
      <ymin>479</ymin>
      <xmax>741</xmax>
      <ymax>676</ymax>
    </bndbox>
  </object>
  <object>
    <name>pedestrian</name>
    <bndbox>
      <xmin>758</xmin>
      <ymin>481</ymin>
      <xmax>824</xmax>
      <ymax>687</ymax>
    </bndbox>
  </object>
  <object>
    <name>pedestrian</name>
    <bndbox>
      <xmin>907</xmin>
      <ymin>76</ymin>
      <xmax>951</xmax>
      <ymax>167</ymax>
    </bndbox>
  </object>
  <object>
    <name>pedestrian</name>
    <bndbox>
      <xmin>498</xmin>
      <ymin>1</ymin>
      <xmax>521</xmax>
      <ymax>64</ymax>
    </bndbox>
  </object>
  <object>
    <name>pedestrian</name>
    <bndbox>
      <xmin>890</xmin>
      <ymin>218</ymin>
      <xmax>944</xmax>
      <ymax>343</ymax>
    </bndbox>
  </object>
  <object>
    <name>pedestrian</name>
    <bndbox>
      <xmin>912</xmin>
      <ymin>95</ymin>
      <xmax>958</xmax>
      <ymax>191</ymax>
    </bndbox>
  </object>
</annotation>
