<annotation>
  <filename>110.jpg</filename>
  <size>
    <width>960</width>
    <height>540</height>
    <depth>3</depth>
  </size>
  <object>
    <name>pedestrian</name>
    <bndbox>
      <xmin>323</xmin>
      <ymin>52</ymin>
      <xmax>352</xmax>
      <ymax>128</ymax>
    </bndbox>
  </object>
  <object>
    <name>pedestrian</name>
    <bndbox>
      <xmin>520</xmin>
      <ymin>47</ymin>
      <xmax>546</xmax>
      <ymax>123</ymax>
    </bndbox>
  </object>
  <object>
    <name>pedestrian</name>
    <bndbox>
      <xmin>548</xmin>
      <ymin>51</ymin>
      <xmax>574</xmax>
      <ymax>129</ymax>
    </bndbox>
  </object>
  <object>
    <name>pedestrian</name>
    <bndbox>
      <xmin>160</xmin>
      <ymin>381</ymin>
      <xmax>225</xmax>
      <ymax>544</ymax>
    </bndbox>
  </object>
  <object>
    <name>pedestrian</name>
    <bndbox>
      <xmin>532</xmin>
      <ymin>280</ymin>
      <xmax>576</xmax>
      <ymax>419</ymax>
    </bndbox>
  </object>
  <object>
    <name>pedestrian</name>
    <bndbox>
      <xmin>835</xmin>
      <ymin>8</ymin>
      <xmax>867</xmax>
      <ymax>80</ymax>
    </bndbox>
  </object>
  <object>
    <name>pedestrian</name>
    <bndbox>
      <xmin>552</xmin>
      <ymin>2</ymin>
      <xmax>574</xmax>
      <ymax>66</ymax>
    </bndbox>
  </object>
  <object>
    <name>pedestrian</name>
    <bndbox>
      <xmin>486</xmin>
      <ymin>19</ymin>
      <xmax>511</xmax>
      <ymax>88</ymax>
    </bndbox>
  </object>
  <object>
    <name>pedestrian</name>
    <bndbox>
      <xmin>845</xmin>
      <ymin>255</ymin>
      <xmax>898</xmax>
      <ymax>388</ymax>
    </bndbox>
  </object>
</annotation>
