<annotation>
  <filename>1101.jpg</filename>
  <size>
    <width>960</width>
    <height>540</height>
    <depth>3</depth>
  </size>
  <object>
    <name>pedestrian</name>
    <bndbox>
      <xmin>872</xmin>
      <ymin>67</ymin>
      <xmax>911</xmax>
      <ymax>154</ymax>
    </bndbox>
  </object>
  <object>
    <name>pedestrian</name>
    <bndbox>
      <xmin>195</xmin>
      <ymin>155</ymin>
      <xmax>236</xmax>
      <ymax>259</ymax>
    </bndbox>
  </object>
  <object>
    <name>pedestrian</name>
    <bndbox>
      <xmin>862</xmin>
      <ymin>151</ymin>
      <xmax>907</xmax>
      <ymax>259</ymax>
    </bndbox>
  </object>
  <object>
    <name>pedestrian</name>
    <bndbox>
      <xmin>358</xmin>
      <ymin>65</ymin>
      <xmax>387</xmax>
      <ymax>145</ymax>
    </bndbox>
  </object>
  <object>
    <name>pedestrian</name>
    <bndbox>
      <xmin>385</xmin>
      <ymin>29</ymin>
      <xmax>411</xmax>
      <ymax>100</ymax>
    </bndbox>
  </object>
  <object>
    <name>pedestrian</name>
    <bndbox>
      <xmin>696</xmin>
      <ymin>387</ymin>
      <xmax>755</xmax>
      <ymax>554</ymax>
    </bndbox>
  </object>
  <object>
    <name>pedestrian</name>
    <bndbox>
      <xmin>772</xmin>
      <ymin>395</ymin>
      <xmax>833</xmax>
      <ymax>567</ymax>
    </bndbox>
  </object>
  <object>
    <name>pedestrian</name>
    <bndbox>
      <xmin>75</xmin>
      <ymin>186</ymin>
      <xmax>125</xmax>
      <ymax>297</ymax>
    </bndbox>
  </object>
  <object>
    <name>pedestrian</name>
    <bndbox>
      <xmin>686</xmin>
      <ymin>466</ymin>
      <xmax>749</xmax>
      <ymax>658</ymax>
    </bndbox>
  </object>
  <object>
    <name>pedestrian</name>
    <bndbox>
      <xmin>763</xmin>
      <ymin>463</ymin>
      <xmax>828</xmax>
      <ymax>661</ymax>
    </bndbox>
  </object>
  <object>
    <name>pedestrian</name>
    <bndbox>
      <xmin>896</xmin>
      <ymin>79</ymin>
      <xmax>939</xmax>
      <ymax>170</ymax>
    </bndbox>
  </object>
  <object>
    <name>pedestrian</name>
    <bndbox>
      <xmin>494</xmin>
      <ymin>3</ymin>
      <xmax>517</xmax>
      <ymax>68</ymax>
    </bndbox>
  </object>
  <object>
    <name>pedestrian</name>
    <bndbox>
      <xmin>885</xmin>
      <ymin>229</ymin>
      <xmax>940</xmax>
      <ymax>357</ymax>
    </bndbox>
  </object>
  <object>
    <name>pedestrian</name>
    <bndbox>
      <xmin>910</xmin>
      <ymin>98</ymin>
      <xmax>957</xmax>
      <ymax>194</ymax>
    </bndbox>
  </object>
</annotation>
