<annotation>
  <filename>1104.jpg</filename>
  <size>
    <width>960</width>
    <height>540</height>
    <depth>3</depth>
  </size>
  <object>
    <name>pedestrian</name>
    <bndbox>
      <xmin>872</xmin>
      <ymin>67</ymin>
      <xmax>911</xmax>
      <ymax>154</ymax>
    </bndbox>
  </object>
  <object>
    <name>pedestrian</name>
    <bndbox>
      <xmin>197</xmin>
      <ymin>155</ymin>
      <xmax>238</xmax>
      <ymax>259</ymax>
    </bndbox>
  </object>
  <object>
    <name>pedestrian</name>
    <bndbox>
      <xmin>864</xmin>
      <ymin>149</ymin>
      <xmax>909</xmax>
      <ymax>256</ymax>
    </bndbox>
  </object>
  <object>
    <name>pedestrian</name>
    <bndbox>
      <xmin>362</xmin>
      <ymin>64</ymin>
      <xmax>391</xmax>
      <ymax>145</ymax>
    </bndbox>
  </object>
  <object>
    <name>pedestrian</name>
    <bndbox>
      <xmin>381</xmin>
      <ymin>30</ymin>
      <xmax>407</xmax>
      <ymax>101</ymax>
    </bndbox>
  </object>
  <object>
    <name>pedestrian</name>
    <bndbox>
      <xmin>698</xmin>
      <ymin>382</ymin>
      <xmax>756</xmax>
      <ymax>548</ymax>
    </bndbox>
  </object>
  <object>
    <name>pedestrian</name>
    <bndbox>
      <xmin>773</xmin>
      <ymin>390</ymin>
      <xmax>835</xmax>
      <ymax>560</ymax>
    </bndbox>
  </object>
  <object>
    <name>pedestrian</name>
    <bndbox>
      <xmin>79</xmin>
      <ymin>184</ymin>
      <xmax>129</xmax>
      <ymax>295</ymax>
    </bndbox>
  </object>
  <object>
    <name>pedestrian</name>
    <bndbox>
      <xmin>688</xmin>
      <ymin>458</ymin>
      <xmax>751</xmax>
      <ymax>647</ymax>
    </bndbox>
  </object>
  <object>
    <name>pedestrian</name>
    <bndbox>
      <xmin>761</xmin>
      <ymin>458</ymin>
      <xmax>826</xmax>
      <ymax>653</ymax>
    </bndbox>
  </object>
  <object>
    <name>pedestrian</name>
    <bndbox>
      <xmin>891</xmin>
      <ymin>81</ymin>
      <xmax>933</xmax>
      <ymax>172</ymax>
    </bndbox>
  </object>
  <object>
    <name>pedestrian</name>
    <bndbox>
      <xmin>490</xmin>
      <ymin>5</ymin>
      <xmax>514</xmax>
      <ymax>70</ymax>
    </bndbox>
  </object>
  <object>
    <name>pedestrian</name>
    <bndbox>
      <xmin>883</xmin>
      <ymin>232</ymin>
      <xmax>938</xmax>
      <ymax>361</ymax>
    </bndbox>
  </object>
  <object>
    <name>pedestrian</name>
    <bndbox>
      <xmin>908</xmin>
      <ymin>101</ymin>
      <xmax>954</xmax>
      <ymax>198</ymax>
    </bndbox>
  </object>
</annotation>
