<annotation>
  <filename>1107.jpg</filename>
  <size>
    <width>960</width>
    <height>540</height>
    <depth>3</depth>
  </size>
  <object>
    <name>pedestrian</name>
    <bndbox>
      <xmin>872</xmin>
      <ymin>67</ymin>
      <xmax>911</xmax>
      <ymax>154</ymax>
    </bndbox>
  </object>
  <object>
    <name>pedestrian</name>
    <bndbox>
      <xmin>197</xmin>
      <ymin>155</ymin>
      <xmax>238</xmax>
      <ymax>259</ymax>
    </bndbox>
  </object>
  <object>
    <name>pedestrian</name>
    <bndbox>
      <xmin>866</xmin>
      <ymin>148</ymin>
      <xmax>912</xmax>
      <ymax>254</ymax>
    </bndbox>
  </object>
  <object>
    <name>pedestrian</name>
    <bndbox>
      <xmin>365</xmin>
      <ymin>63</ymin>
      <xmax>394</xmax>
      <ymax>143</ymax>
    </bndbox>
  </object>
  <object>
    <name>pedestrian</name>
    <bndbox>
      <xmin>377</xmin>
      <ymin>30</ymin>
      <xmax>404</xmax>
      <ymax>101</ymax>
    </bndbox>
  </object>
  <object>
    <name>pedestrian</name>
    <bndbox>
      <xmin>699</xmin>
      <ymin>379</ymin>
      <xmax>757</xmax>
      <ymax>544</ymax>
    </bndbox>
  </object>
  <object>
    <name>pedestrian</name>
    <bndbox>
      <xmin>773</xmin>
      <ymin>386</ymin>
      <xmax>834</xmax>
      <ymax>556</ymax>
    </bndbox>
  </object>
  <object>
    <name>pedestrian</name>
    <bndbox>
      <xmin>82</xmin>
      <ymin>181</ymin>
      <xmax>132</xmax>
      <ymax>291</ymax>
    </bndbox>
  </object>
  <object>
    <name>pedestrian</name>
    <bndbox>
      <xmin>693</xmin>
      <ymin>449</ymin>
      <xmax>755</xmax>
      <ymax>635</ymax>
    </bndbox>
  </object>
  <object>
    <name>pedestrian</name>
    <bndbox>
      <xmin>761</xmin>
      <ymin>449</ymin>
      <xmax>826</xmax>
      <ymax>641</ymax>
    </bndbox>
  </object>
  <object>
    <name>pedestrian</name>
    <bndbox>
      <xmin>886</xmin>
      <ymin>82</ymin>
      <xmax>928</xmax>
      <ymax>173</ymax>
    </bndbox>
  </object>
  <object>
    <name>pedestrian</name>
    <bndbox>
      <xmin>488</xmin>
      <ymin>6</ymin>
      <xmax>512</xmax>
      <ymax>72</ymax>
    </bndbox>
  </object>
  <object>
    <name>pedestrian</name>
    <bndbox>
      <xmin>882</xmin>
      <ymin>234</ymin>
      <xmax>937</xmax>
      <ymax>363</ymax>
    </bndbox>
  </object>
  <object>
    <name>pedestrian</name>
    <bndbox>
      <xmin>906</xmin>
      <ymin>103</ymin>
      <xmax>952</xmax>
      <ymax>200</ymax>
    </bndbox>
  </object>
</annotation>
