<annotation>
  <filename>1115.jpg</filename>
  <size>
    <width>960</width>
    <height>540</height>
    <depth>3</depth>
  </size>
  <object>
    <name>pedestrian</name>
    <bndbox>
      <xmin>872</xmin>
      <ymin>67</ymin>
      <xmax>911</xmax>
      <ymax>154</ymax>
    </bndbox>
  </object>
  <object>
    <name>pedestrian</name>
    <bndbox>
      <xmin>196</xmin>
      <ymin>155</ymin>
      <xmax>237</xmax>
      <ymax>259</ymax>
    </bndbox>
  </object>
  <object>
    <name>pedestrian</name>
    <bndbox>
      <xmin>870</xmin>
      <ymin>144</ymin>
      <xmax>915</xmax>
      <ymax>249</ymax>
    </bndbox>
  </object>
  <object>
    <name>pedestrian</name>
    <bndbox>
      <xmin>377</xmin>
      <ymin>56</ymin>
      <xmax>406</xmax>
      <ymax>134</ymax>
    </bndbox>
  </object>
  <object>
    <name>pedestrian</name>
    <bndbox>
      <xmin>369</xmin>
      <ymin>34</ymin>
      <xmax>396</xmax>
      <ymax>106</ymax>
    </bndbox>
  </object>
  <object>
    <name>pedestrian</name>
    <bndbox>
      <xmin>702</xmin>
      <ymin>364</ymin>
      <xmax>759</xmax>
      <ymax>525</ymax>
    </bndbox>
  </object>
  <object>
    <name>pedestrian</name>
    <bndbox>
      <xmin>774</xmin>
      <ymin>371</ymin>
      <xmax>834</xmax>
      <ymax>536</ymax>
    </bndbox>
  </object>
  <object>
    <name>pedestrian</name>
    <bndbox>
      <xmin>99</xmin>
      <ymin>175</ymin>
      <xmax>147</xmax>
      <ymax>284</ymax>
    </bndbox>
  </object>
  <object>
    <name>pedestrian</name>
    <bndbox>
      <xmin>709</xmin>
      <ymin>437</ymin>
      <xmax>772</xmax>
      <ymax>620</ymax>
    </bndbox>
  </object>
  <object>
    <name>pedestrian</name>
    <bndbox>
      <xmin>766</xmin>
      <ymin>434</ymin>
      <xmax>830</xmax>
      <ymax>620</ymax>
    </bndbox>
  </object>
  <object>
    <name>pedestrian</name>
    <bndbox>
      <xmin>877</xmin>
      <ymin>85</ymin>
      <xmax>918</xmax>
      <ymax>176</ymax>
    </bndbox>
  </object>
  <object>
    <name>pedestrian</name>
    <bndbox>
      <xmin>479</xmin>
      <ymin>7</ymin>
      <xmax>502</xmax>
      <ymax>72</ymax>
    </bndbox>
  </object>
  <object>
    <name>pedestrian</name>
    <bndbox>
      <xmin>884</xmin>
      <ymin>247</ymin>
      <xmax>941</xmax>
      <ymax>381</ymax>
    </bndbox>
  </object>
  <object>
    <name>pedestrian</name>
    <bndbox>
      <xmin>906</xmin>
      <ymin>106</ymin>
      <xmax>952</xmax>
      <ymax>203</ymax>
    </bndbox>
  </object>
</annotation>
