<annotation>
  <filename>1116.jpg</filename>
  <size>
    <width>960</width>
    <height>540</height>
    <depth>3</depth>
  </size>
  <object>
    <name>pedestrian</name>
    <bndbox>
      <xmin>872</xmin>
      <ymin>67</ymin>
      <xmax>911</xmax>
      <ymax>154</ymax>
    </bndbox>
  </object>
  <object>
    <name>pedestrian</name>
    <bndbox>
      <xmin>196</xmin>
      <ymin>155</ymin>
      <xmax>237</xmax>
      <ymax>259</ymax>
    </bndbox>
  </object>
  <object>
    <name>pedestrian</name>
    <bndbox>
      <xmin>870</xmin>
      <ymin>143</ymin>
      <xmax>916</xmax>
      <ymax>249</ymax>
    </bndbox>
  </object>
  <object>
    <name>pedestrian</name>
    <bndbox>
      <xmin>379</xmin>
      <ymin>56</ymin>
      <xmax>408</xmax>
      <ymax>134</ymax>
    </bndbox>
  </object>
  <object>
    <name>pedestrian</name>
    <bndbox>
      <xmin>368</xmin>
      <ymin>34</ymin>
      <xmax>395</xmax>
      <ymax>107</ymax>
    </bndbox>
  </object>
  <object>
    <name>pedestrian</name>
    <bndbox>
      <xmin>703</xmin>
      <ymin>362</ymin>
      <xmax>759</xmax>
      <ymax>523</ymax>
    </bndbox>
  </object>
  <object>
    <name>pedestrian</name>
    <bndbox>
      <xmin>775</xmin>
      <ymin>370</ymin>
      <xmax>835</xmax>
      <ymax>534</ymax>
    </bndbox>
  </object>
  <object>
    <name>pedestrian</name>
    <bndbox>
      <xmin>102</xmin>
      <ymin>175</ymin>
      <xmax>149</xmax>
      <ymax>283</ymax>
    </bndbox>
  </object>
  <object>
    <name>pedestrian</name>
    <bndbox>
      <xmin>711</xmin>
      <ymin>434</ymin>
      <xmax>773</xmax>
      <ymax>616</ymax>
    </bndbox>
  </object>
  <object>
    <name>pedestrian</name>
    <bndbox>
      <xmin>767</xmin>
      <ymin>433</ymin>
      <xmax>831</xmax>
      <ymax>618</ymax>
    </bndbox>
  </object>
  <object>
    <name>pedestrian</name>
    <bndbox>
      <xmin>876</xmin>
      <ymin>86</ymin>
      <xmax>917</xmax>
      <ymax>177</ymax>
    </bndbox>
  </object>
  <object>
    <name>pedestrian</name>
    <bndbox>
      <xmin>478</xmin>
      <ymin>7</ymin>
      <xmax>502</xmax>
      <ymax>72</ymax>
    </bndbox>
  </object>
  <object>
    <name>pedestrian</name>
    <bndbox>
      <xmin>884</xmin>
      <ymin>248</ymin>
      <xmax>941</xmax>
      <ymax>382</ymax>
    </bndbox>
  </object>
  <object>
    <name>pedestrian</name>
    <bndbox>
      <xmin>906</xmin>
      <ymin>106</ymin>
      <xmax>953</xmax>
      <ymax>204</ymax>
    </bndbox>
  </object>
</annotation>
