<annotation>
  <filename>1117.jpg</filename>
  <size>
    <width>960</width>
    <height>540</height>
    <depth>3</depth>
  </size>
  <object>
    <name>pedestrian</name>
    <bndbox>
      <xmin>872</xmin>
      <ymin>67</ymin>
      <xmax>912</xmax>
      <ymax>154</ymax>
    </bndbox>
  </object>
  <object>
    <name>pedestrian</name>
    <bndbox>
      <xmin>196</xmin>
      <ymin>155</ymin>
      <xmax>237</xmax>
      <ymax>259</ymax>
    </bndbox>
  </object>
  <object>
    <name>pedestrian</name>
    <bndbox>
      <xmin>871</xmin>
      <ymin>143</ymin>
      <xmax>917</xmax>
      <ymax>248</ymax>
    </bndbox>
  </object>
  <object>
    <name>pedestrian</name>
    <bndbox>
      <xmin>381</xmin>
      <ymin>56</ymin>
      <xmax>409</xmax>
      <ymax>134</ymax>
    </bndbox>
  </object>
  <object>
    <name>pedestrian</name>
    <bndbox>
      <xmin>367</xmin>
      <ymin>35</ymin>
      <xmax>394</xmax>
      <ymax>107</ymax>
    </bndbox>
  </object>
  <object>
    <name>pedestrian</name>
    <bndbox>
      <xmin>704</xmin>
      <ymin>361</ymin>
      <xmax>760</xmax>
      <ymax>520</ymax>
    </bndbox>
  </object>
  <object>
    <name>pedestrian</name>
    <bndbox>
      <xmin>775</xmin>
      <ymin>369</ymin>
      <xmax>835</xmax>
      <ymax>533</ymax>
    </bndbox>
  </object>
  <object>
    <name>pedestrian</name>
    <bndbox>
      <xmin>104</xmin>
      <ymin>174</ymin>
      <xmax>152</xmax>
      <ymax>283</ymax>
    </bndbox>
  </object>
  <object>
    <name>pedestrian</name>
    <bndbox>
      <xmin>712</xmin>
      <ymin>431</ymin>
      <xmax>774</xmax>
      <ymax>612</ymax>
    </bndbox>
  </object>
  <object>
    <name>pedestrian</name>
    <bndbox>
      <xmin>768</xmin>
      <ymin>431</ymin>
      <xmax>832</xmax>
      <ymax>616</ymax>
    </bndbox>
  </object>
  <object>
    <name>pedestrian</name>
    <bndbox>
      <xmin>875</xmin>
      <ymin>87</ymin>
      <xmax>916</xmax>
      <ymax>178</ymax>
    </bndbox>
  </object>
  <object>
    <name>pedestrian</name>
    <bndbox>
      <xmin>478</xmin>
      <ymin>8</ymin>
      <xmax>501</xmax>
      <ymax>73</ymax>
    </bndbox>
  </object>
  <object>
    <name>pedestrian</name>
    <bndbox>
      <xmin>885</xmin>
      <ymin>249</ymin>
      <xmax>941</xmax>
      <ymax>383</ymax>
    </bndbox>
  </object>
  <object>
    <name>pedestrian</name>
    <bndbox>
      <xmin>906</xmin>
      <ymin>107</ymin>
      <xmax>953</xmax>
      <ymax>205</ymax>
    </bndbox>
  </object>
</annotation>
