<annotation>
  <filename>1119.jpg</filename>
  <size>
    <width>960</width>
    <height>540</height>
    <depth>3</depth>
  </size>
  <object>
    <name>pedestrian</name>
    <bndbox>
      <xmin>872</xmin>
      <ymin>67</ymin>
      <xmax>912</xmax>
      <ymax>154</ymax>
    </bndbox>
  </object>
  <object>
    <name>pedestrian</name>
    <bndbox>
      <xmin>196</xmin>
      <ymin>155</ymin>
      <xmax>238</xmax>
      <ymax>259</ymax>
    </bndbox>
  </object>
  <object>
    <name>pedestrian</name>
    <bndbox>
      <xmin>873</xmin>
      <ymin>141</ymin>
      <xmax>919</xmax>
      <ymax>247</ymax>
    </bndbox>
  </object>
  <object>
    <name>pedestrian</name>
    <bndbox>
      <xmin>387</xmin>
      <ymin>56</ymin>
      <xmax>415</xmax>
      <ymax>135</ymax>
    </bndbox>
  </object>
  <object>
    <name>pedestrian</name>
    <bndbox>
      <xmin>365</xmin>
      <ymin>35</ymin>
      <xmax>392</xmax>
      <ymax>107</ymax>
    </bndbox>
  </object>
  <object>
    <name>pedestrian</name>
    <bndbox>
      <xmin>706</xmin>
      <ymin>358</ymin>
      <xmax>762</xmax>
      <ymax>517</ymax>
    </bndbox>
  </object>
  <object>
    <name>pedestrian</name>
    <bndbox>
      <xmin>777</xmin>
      <ymin>367</ymin>
      <xmax>837</xmax>
      <ymax>531</ymax>
    </bndbox>
  </object>
  <object>
    <name>pedestrian</name>
    <bndbox>
      <xmin>109</xmin>
      <ymin>172</ymin>
      <xmax>156</xmax>
      <ymax>280</ymax>
    </bndbox>
  </object>
  <object>
    <name>pedestrian</name>
    <bndbox>
      <xmin>714</xmin>
      <ymin>426</ymin>
      <xmax>776</xmax>
      <ymax>606</ymax>
    </bndbox>
  </object>
  <object>
    <name>pedestrian</name>
    <bndbox>
      <xmin>770</xmin>
      <ymin>427</ymin>
      <xmax>834</xmax>
      <ymax>610</ymax>
    </bndbox>
  </object>
  <object>
    <name>pedestrian</name>
    <bndbox>
      <xmin>873</xmin>
      <ymin>88</ymin>
      <xmax>914</xmax>
      <ymax>180</ymax>
    </bndbox>
  </object>
  <object>
    <name>pedestrian</name>
    <bndbox>
      <xmin>477</xmin>
      <ymin>8</ymin>
      <xmax>500</xmax>
      <ymax>74</ymax>
    </bndbox>
  </object>
  <object>
    <name>pedestrian</name>
    <bndbox>
      <xmin>884</xmin>
      <ymin>250</ymin>
      <xmax>941</xmax>
      <ymax>384</ymax>
    </bndbox>
  </object>
  <object>
    <name>pedestrian</name>
    <bndbox>
      <xmin>907</xmin>
      <ymin>108</ymin>
      <xmax>953</xmax>
      <ymax>206</ymax>
    </bndbox>
  </object>
</annotation>
