<annotation>
  <filename>1129.jpg</filename>
  <size>
    <width>960</width>
    <height>540</height>
    <depth>3</depth>
  </size>
  <object>
    <name>pedestrian</name>
    <bndbox>
      <xmin>872</xmin>
      <ymin>68</ymin>
      <xmax>912</xmax>
      <ymax>155</ymax>
    </bndbox>
  </object>
  <object>
    <name>pedestrian</name>
    <bndbox>
      <xmin>199</xmin>
      <ymin>157</ymin>
      <xmax>240</xmax>
      <ymax>261</ymax>
    </bndbox>
  </object>
  <object>
    <name>pedestrian</name>
    <bndbox>
      <xmin>888</xmin>
      <ymin>137</ymin>
      <xmax>935</xmax>
      <ymax>241</ymax>
    </bndbox>
  </object>
  <object>
    <name>pedestrian</name>
    <bndbox>
      <xmin>402</xmin>
      <ymin>49</ymin>
      <xmax>430</xmax>
      <ymax>126</ymax>
    </bndbox>
  </object>
  <object>
    <name>pedestrian</name>
    <bndbox>
      <xmin>353</xmin>
      <ymin>38</ymin>
      <xmax>380</xmax>
      <ymax>111</ymax>
    </bndbox>
  </object>
  <object>
    <name>pedestrian</name>
    <bndbox>
      <xmin>722</xmin>
      <ymin>344</ymin>
      <xmax>778</xmax>
      <ymax>500</ymax>
    </bndbox>
  </object>
  <object>
    <name>pedestrian</name>
    <bndbox>
      <xmin>786</xmin>
      <ymin>351</ymin>
      <xmax>845</xmax>
      <ymax>510</ymax>
    </bndbox>
  </object>
  <object>
    <name>pedestrian</name>
    <bndbox>
      <xmin>122</xmin>
      <ymin>165</ymin>
      <xmax>167</xmax>
      <ymax>271</ymax>
    </bndbox>
  </object>
  <object>
    <name>pedestrian</name>
    <bndbox>
      <xmin>713</xmin>
      <ymin>410</ymin>
      <xmax>774</xmax>
      <ymax>584</ymax>
    </bndbox>
  </object>
  <object>
    <name>pedestrian</name>
    <bndbox>
      <xmin>774</xmin>
      <ymin>409</ymin>
      <xmax>837</xmax>
      <ymax>586</ymax>
    </bndbox>
  </object>
  <object>
    <name>pedestrian</name>
    <bndbox>
      <xmin>862</xmin>
      <ymin>92</ymin>
      <xmax>902</xmax>
      <ymax>185</ymax>
    </bndbox>
  </object>
  <object>
    <name>pedestrian</name>
    <bndbox>
      <xmin>469</xmin>
      <ymin>13</ymin>
      <xmax>493</xmax>
      <ymax>80</ymax>
    </bndbox>
  </object>
  <object>
    <name>pedestrian</name>
    <bndbox>
      <xmin>879</xmin>
      <ymin>264</ymin>
      <xmax>936</xmax>
      <ymax>402</ymax>
    </bndbox>
  </object>
  <object>
    <name>pedestrian</name>
    <bndbox>
      <xmin>903</xmin>
      <ymin>113</ymin>
      <xmax>950</xmax>
      <ymax>212</ymax>
    </bndbox>
  </object>
  <object>
    <name>pedestrian</name>
    <bndbox>
      <xmin>515</xmin>
      <ymin>-4</ymin>
      <xmax>537</xmax>
      <ymax>59</ymax>
    </bndbox>
  </object>
  <object>
    <name>pedestrian</name>
    <bndbox>
      <xmin>-10</xmin>
      <ymin>289</ymin>
      <xmax>58</xmax>
      <ymax>429</ymax>
    </bndbox>
  </object>
</annotation>
