<annotation>
  <filename>1140.jpg</filename>
  <size>
    <width>960</width>
    <height>540</height>
    <depth>3</depth>
  </size>
  <object>
    <name>pedestrian</name>
    <bndbox>
      <xmin>873</xmin>
      <ymin>68</ymin>
      <xmax>912</xmax>
      <ymax>154</ymax>
    </bndbox>
  </object>
  <object>
    <name>pedestrian</name>
    <bndbox>
      <xmin>198</xmin>
      <ymin>157</ymin>
      <xmax>239</xmax>
      <ymax>261</ymax>
    </bndbox>
  </object>
  <object>
    <name>pedestrian</name>
    <bndbox>
      <xmin>897</xmin>
      <ymin>131</ymin>
      <xmax>945</xmax>
      <ymax>235</ymax>
    </bndbox>
  </object>
  <object>
    <name>pedestrian</name>
    <bndbox>
      <xmin>416</xmin>
      <ymin>42</ymin>
      <xmax>443</xmax>
      <ymax>117</ymax>
    </bndbox>
  </object>
  <object>
    <name>pedestrian</name>
    <bndbox>
      <xmin>342</xmin>
      <ymin>42</ymin>
      <xmax>370</xmax>
      <ymax>117</ymax>
    </bndbox>
  </object>
  <object>
    <name>pedestrian</name>
    <bndbox>
      <xmin>730</xmin>
      <ymin>330</ymin>
      <xmax>785</xmax>
      <ymax>482</ymax>
    </bndbox>
  </object>
  <object>
    <name>pedestrian</name>
    <bndbox>
      <xmin>785</xmin>
      <ymin>335</ymin>
      <xmax>842</xmax>
      <ymax>489</ymax>
    </bndbox>
  </object>
  <object>
    <name>pedestrian</name>
    <bndbox>
      <xmin>142</xmin>
      <ymin>157</ymin>
      <xmax>186</xmax>
      <ymax>261</ymax>
    </bndbox>
  </object>
  <object>
    <name>pedestrian</name>
    <bndbox>
      <xmin>721</xmin>
      <ymin>391</ymin>
      <xmax>780</xmax>
      <ymax>560</ymax>
    </bndbox>
  </object>
  <object>
    <name>pedestrian</name>
    <bndbox>
      <xmin>783</xmin>
      <ymin>388</ymin>
      <xmax>845</xmax>
      <ymax>558</ymax>
    </bndbox>
  </object>
  <object>
    <name>pedestrian</name>
    <bndbox>
      <xmin>850</xmin>
      <ymin>98</ymin>
      <xmax>890</xmax>
      <ymax>191</ymax>
    </bndbox>
  </object>
  <object>
    <name>pedestrian</name>
    <bndbox>
      <xmin>458</xmin>
      <ymin>16</ymin>
      <xmax>482</xmax>
      <ymax>83</ymax>
    </bndbox>
  </object>
  <object>
    <name>pedestrian</name>
    <bndbox>
      <xmin>884</xmin>
      <ymin>282</ymin>
      <xmax>944</xmax>
      <ymax>424</ymax>
    </bndbox>
  </object>
  <object>
    <name>pedestrian</name>
    <bndbox>
      <xmin>898</xmin>
      <ymin>118</ymin>
      <xmax>945</xmax>
      <ymax>218</ymax>
    </bndbox>
  </object>
  <object>
    <name>pedestrian</name>
    <bndbox>
      <xmin>506</xmin>
      <ymin>-1</ymin>
      <xmax>528</xmax>
      <ymax>63</ymax>
    </bndbox>
  </object>
  <object>
    <name>pedestrian</name>
    <bndbox>
      <xmin>18</xmin>
      <ymin>275</ymin>
      <xmax>82</xmax>
      <ymax>411</ymax>
    </bndbox>
  </object>
  <object>
    <name>pedestrian</name>
    <bndbox>
      <xmin>849</xmin>
      <ymin>9</ymin>
      <xmax>881</xmax>
      <ymax>81</ymax>
    </bndbox>
  </object>
</annotation>
