<annotation>
  <filename>1144.jpg</filename>
  <size>
    <width>960</width>
    <height>540</height>
    <depth>3</depth>
  </size>
  <object>
    <name>pedestrian</name>
    <bndbox>
      <xmin>872</xmin>
      <ymin>68</ymin>
      <xmax>912</xmax>
      <ymax>155</ymax>
    </bndbox>
  </object>
  <object>
    <name>pedestrian</name>
    <bndbox>
      <xmin>197</xmin>
      <ymin>157</ymin>
      <xmax>239</xmax>
      <ymax>261</ymax>
    </bndbox>
  </object>
  <object>
    <name>pedestrian</name>
    <bndbox>
      <xmin>900</xmin>
      <ymin>129</ymin>
      <xmax>948</xmax>
      <ymax>232</ymax>
    </bndbox>
  </object>
  <object>
    <name>pedestrian</name>
    <bndbox>
      <xmin>424</xmin>
      <ymin>42</ymin>
      <xmax>450</xmax>
      <ymax>117</ymax>
    </bndbox>
  </object>
  <object>
    <name>pedestrian</name>
    <bndbox>
      <xmin>338</xmin>
      <ymin>43</ymin>
      <xmax>366</xmax>
      <ymax>118</ymax>
    </bndbox>
  </object>
  <object>
    <name>pedestrian</name>
    <bndbox>
      <xmin>734</xmin>
      <ymin>322</ymin>
      <xmax>788</xmax>
      <ymax>472</ymax>
    </bndbox>
  </object>
  <object>
    <name>pedestrian</name>
    <bndbox>
      <xmin>786</xmin>
      <ymin>330</ymin>
      <xmax>843</xmax>
      <ymax>483</ymax>
    </bndbox>
  </object>
  <object>
    <name>pedestrian</name>
    <bndbox>
      <xmin>150</xmin>
      <ymin>153</ymin>
      <xmax>193</xmax>
      <ymax>256</ymax>
    </bndbox>
  </object>
  <object>
    <name>pedestrian</name>
    <bndbox>
      <xmin>723</xmin>
      <ymin>381</ymin>
      <xmax>782</xmax>
      <ymax>546</ymax>
    </bndbox>
  </object>
  <object>
    <name>pedestrian</name>
    <bndbox>
      <xmin>788</xmin>
      <ymin>381</ymin>
      <xmax>850</xmax>
      <ymax>549</ymax>
    </bndbox>
  </object>
  <object>
    <name>pedestrian</name>
    <bndbox>
      <xmin>847</xmin>
      <ymin>102</ymin>
      <xmax>887</xmax>
      <ymax>196</ymax>
    </bndbox>
  </object>
  <object>
    <name>pedestrian</name>
    <bndbox>
      <xmin>455</xmin>
      <ymin>18</ymin>
      <xmax>479</xmax>
      <ymax>86</ymax>
    </bndbox>
  </object>
  <object>
    <name>pedestrian</name>
    <bndbox>
      <xmin>885</xmin>
      <ymin>285</ymin>
      <xmax>945</xmax>
      <ymax>429</ymax>
    </bndbox>
  </object>
  <object>
    <name>pedestrian</name>
    <bndbox>
      <xmin>898</xmin>
      <ymin>120</ymin>
      <xmax>944</xmax>
      <ymax>221</ymax>
    </bndbox>
  </object>
  <object>
    <name>pedestrian</name>
    <bndbox>
      <xmin>503</xmin>
      <ymin>2</ymin>
      <xmax>526</xmax>
      <ymax>66</ymax>
    </bndbox>
  </object>
  <object>
    <name>pedestrian</name>
    <bndbox>
      <xmin>26</xmin>
      <ymin>270</ymin>
      <xmax>89</xmax>
      <ymax>405</ymax>
    </bndbox>
  </object>
  <object>
    <name>pedestrian</name>
    <bndbox>
      <xmin>848</xmin>
      <ymin>11</ymin>
      <xmax>880</xmax>
      <ymax>83</ymax>
    </bndbox>
  </object>
</annotation>
