<annotation>
  <filename>1154.jpg</filename>
  <size>
    <width>960</width>
    <height>540</height>
    <depth>3</depth>
  </size>
  <object>
    <name>pedestrian</name>
    <bndbox>
      <xmin>872</xmin>
      <ymin>67</ymin>
      <xmax>912</xmax>
      <ymax>154</ymax>
    </bndbox>
  </object>
  <object>
    <name>pedestrian</name>
    <bndbox>
      <xmin>197</xmin>
      <ymin>158</ymin>
      <xmax>238</xmax>
      <ymax>262</ymax>
    </bndbox>
  </object>
  <object>
    <name>pedestrian</name>
    <bndbox>
      <xmin>910</xmin>
      <ymin>125</ymin>
      <xmax>958</xmax>
      <ymax>227</ymax>
    </bndbox>
  </object>
  <object>
    <name>pedestrian</name>
    <bndbox>
      <xmin>438</xmin>
      <ymin>35</ymin>
      <xmax>465</xmax>
      <ymax>108</ymax>
    </bndbox>
  </object>
  <object>
    <name>pedestrian</name>
    <bndbox>
      <xmin>328</xmin>
      <ymin>47</ymin>
      <xmax>356</xmax>
      <ymax>123</ymax>
    </bndbox>
  </object>
  <object>
    <name>pedestrian</name>
    <bndbox>
      <xmin>749</xmin>
      <ymin>311</ymin>
      <xmax>802</xmax>
      <ymax>459</ymax>
    </bndbox>
  </object>
  <object>
    <name>pedestrian</name>
    <bndbox>
      <xmin>795</xmin>
      <ymin>317</ymin>
      <xmax>851</xmax>
      <ymax>467</ymax>
    </bndbox>
  </object>
  <object>
    <name>pedestrian</name>
    <bndbox>
      <xmin>161</xmin>
      <ymin>145</ymin>
      <xmax>202</xmax>
      <ymax>246</ymax>
    </bndbox>
  </object>
  <object>
    <name>pedestrian</name>
    <bndbox>
      <xmin>723</xmin>
      <ymin>365</ymin>
      <xmax>780</xmax>
      <ymax>527</ymax>
    </bndbox>
  </object>
  <object>
    <name>pedestrian</name>
    <bndbox>
      <xmin>796</xmin>
      <ymin>364</ymin>
      <xmax>856</xmax>
      <ymax>527</ymax>
    </bndbox>
  </object>
  <object>
    <name>pedestrian</name>
    <bndbox>
      <xmin>840</xmin>
      <ymin>107</ymin>
      <xmax>880</xmax>
      <ymax>202</ymax>
    </bndbox>
  </object>
  <object>
    <name>pedestrian</name>
    <bndbox>
      <xmin>445</xmin>
      <ymin>22</ymin>
      <xmax>470</xmax>
      <ymax>91</ymax>
    </bndbox>
  </object>
  <object>
    <name>pedestrian</name>
    <bndbox>
      <xmin>879</xmin>
      <ymin>301</ymin>
      <xmax>940</xmax>
      <ymax>449</ymax>
    </bndbox>
  </object>
  <object>
    <name>pedestrian</name>
    <bndbox>
      <xmin>891</xmin>
      <ymin>125</ymin>
      <xmax>937</xmax>
      <ymax>227</ymax>
    </bndbox>
  </object>
  <object>
    <name>pedestrian</name>
    <bndbox>
      <xmin>495</xmin>
      <ymin>5</ymin>
      <xmax>518</xmax>
      <ymax>70</ymax>
    </bndbox>
  </object>
  <object>
    <name>pedestrian</name>
    <bndbox>
      <xmin>54</xmin>
      <ymin>260</ymin>
      <xmax>113</xmax>
      <ymax>391</ymax>
    </bndbox>
  </object>
  <object>
    <name>pedestrian</name>
    <bndbox>
      <xmin>843</xmin>
      <ymin>13</ymin>
      <xmax>876</xmax>
      <ymax>86</ymax>
    </bndbox>
  </object>
  <object>
    <name>pedestrian</name>
    <bndbox>
      <xmin>1</xmin>
      <ymin>254</ymin>
      <xmax>65</xmax>
      <ymax>385</ymax>
    </bndbox>
  </object>
</annotation>
