<annotation>
  <filename>1161.jpg</filename>
  <size>
    <width>960</width>
    <height>540</height>
    <depth>3</depth>
  </size>
  <object>
    <name>pedestrian</name>
    <bndbox>
      <xmin>872</xmin>
      <ymin>67</ymin>
      <xmax>911</xmax>
      <ymax>154</ymax>
    </bndbox>
  </object>
  <object>
    <name>pedestrian</name>
    <bndbox>
      <xmin>201</xmin>
      <ymin>158</ymin>
      <xmax>242</xmax>
      <ymax>263</ymax>
    </bndbox>
  </object>
  <object>
    <name>pedestrian</name>
    <bndbox>
      <xmin>446</xmin>
      <ymin>31</ymin>
      <xmax>472</xmax>
      <ymax>103</ymax>
    </bndbox>
  </object>
  <object>
    <name>pedestrian</name>
    <bndbox>
      <xmin>319</xmin>
      <ymin>49</ymin>
      <xmax>348</xmax>
      <ymax>125</ymax>
    </bndbox>
  </object>
  <object>
    <name>pedestrian</name>
    <bndbox>
      <xmin>759</xmin>
      <ymin>299</ymin>
      <xmax>812</xmax>
      <ymax>443</ymax>
    </bndbox>
  </object>
  <object>
    <name>pedestrian</name>
    <bndbox>
      <xmin>797</xmin>
      <ymin>309</ymin>
      <xmax>853</xmax>
      <ymax>457</ymax>
    </bndbox>
  </object>
  <object>
    <name>pedestrian</name>
    <bndbox>
      <xmin>174</xmin>
      <ymin>141</ymin>
      <xmax>215</xmax>
      <ymax>242</ymax>
    </bndbox>
  </object>
  <object>
    <name>pedestrian</name>
    <bndbox>
      <xmin>727</xmin>
      <ymin>353</ymin>
      <xmax>784</xmax>
      <ymax>512</ymax>
    </bndbox>
  </object>
  <object>
    <name>pedestrian</name>
    <bndbox>
      <xmin>800</xmin>
      <ymin>351</ymin>
      <xmax>860</xmax>
      <ymax>511</ymax>
    </bndbox>
  </object>
  <object>
    <name>pedestrian</name>
    <bndbox>
      <xmin>833</xmin>
      <ymin>114</ymin>
      <xmax>873</xmax>
      <ymax>211</ymax>
    </bndbox>
  </object>
  <object>
    <name>pedestrian</name>
    <bndbox>
      <xmin>437</xmin>
      <ymin>23</ymin>
      <xmax>462</xmax>
      <ymax>92</ymax>
    </bndbox>
  </object>
  <object>
    <name>pedestrian</name>
    <bndbox>
      <xmin>878</xmin>
      <ymin>310</ymin>
      <xmax>940</xmax>
      <ymax>461</ymax>
    </bndbox>
  </object>
  <object>
    <name>pedestrian</name>
    <bndbox>
      <xmin>887</xmin>
      <ymin>127</ymin>
      <xmax>933</xmax>
      <ymax>229</ymax>
    </bndbox>
  </object>
  <object>
    <name>pedestrian</name>
    <bndbox>
      <xmin>488</xmin>
      <ymin>8</ymin>
      <xmax>512</xmax>
      <ymax>73</ymax>
    </bndbox>
  </object>
  <object>
    <name>pedestrian</name>
    <bndbox>
      <xmin>72</xmin>
      <ymin>250</ymin>
      <xmax>129</xmax>
      <ymax>379</ymax>
    </bndbox>
  </object>
  <object>
    <name>pedestrian</name>
    <bndbox>
      <xmin>838</xmin>
      <ymin>16</ymin>
      <xmax>871</xmax>
      <ymax>90</ymax>
    </bndbox>
  </object>
  <object>
    <name>pedestrian</name>
    <bndbox>
      <xmin>13</xmin>
      <ymin>248</ymin>
      <xmax>75</xmax>
      <ymax>376</ymax>
    </bndbox>
  </object>
</annotation>
