<annotation>
  <filename>1167.jpg</filename>
  <size>
    <width>960</width>
    <height>540</height>
    <depth>3</depth>
  </size>
  <object>
    <name>pedestrian</name>
    <bndbox>
      <xmin>872</xmin>
      <ymin>67</ymin>
      <xmax>911</xmax>
      <ymax>154</ymax>
    </bndbox>
  </object>
  <object>
    <name>pedestrian</name>
    <bndbox>
      <xmin>201</xmin>
      <ymin>158</ymin>
      <xmax>243</xmax>
      <ymax>263</ymax>
    </bndbox>
  </object>
  <object>
    <name>pedestrian</name>
    <bndbox>
      <xmin>455</xmin>
      <ymin>29</ymin>
      <xmax>481</xmax>
      <ymax>100</ymax>
    </bndbox>
  </object>
  <object>
    <name>pedestrian</name>
    <bndbox>
      <xmin>313</xmin>
      <ymin>53</ymin>
      <xmax>342</xmax>
      <ymax>131</ymax>
    </bndbox>
  </object>
  <object>
    <name>pedestrian</name>
    <bndbox>
      <xmin>763</xmin>
      <ymin>294</ymin>
      <xmax>815</xmax>
      <ymax>437</ymax>
    </bndbox>
  </object>
  <object>
    <name>pedestrian</name>
    <bndbox>
      <xmin>798</xmin>
      <ymin>301</ymin>
      <xmax>853</xmax>
      <ymax>446</ymax>
    </bndbox>
  </object>
  <object>
    <name>pedestrian</name>
    <bndbox>
      <xmin>186</xmin>
      <ymin>137</ymin>
      <xmax>226</xmax>
      <ymax>236</ymax>
    </bndbox>
  </object>
  <object>
    <name>pedestrian</name>
    <bndbox>
      <xmin>736</xmin>
      <ymin>346</ymin>
      <xmax>792</xmax>
      <ymax>502</ymax>
    </bndbox>
  </object>
  <object>
    <name>pedestrian</name>
    <bndbox>
      <xmin>808</xmin>
      <ymin>344</ymin>
      <xmax>867</xmax>
      <ymax>502</ymax>
    </bndbox>
  </object>
  <object>
    <name>pedestrian</name>
    <bndbox>
      <xmin>828</xmin>
      <ymin>116</ymin>
      <xmax>868</xmax>
      <ymax>213</ymax>
    </bndbox>
  </object>
  <object>
    <name>pedestrian</name>
    <bndbox>
      <xmin>431</xmin>
      <ymin>27</ymin>
      <xmax>457</xmax>
      <ymax>98</ymax>
    </bndbox>
  </object>
  <object>
    <name>pedestrian</name>
    <bndbox>
      <xmin>885</xmin>
      <ymin>131</ymin>
      <xmax>931</xmax>
      <ymax>234</ymax>
    </bndbox>
  </object>
  <object>
    <name>pedestrian</name>
    <bndbox>
      <xmin>485</xmin>
      <ymin>10</ymin>
      <xmax>509</xmax>
      <ymax>77</ymax>
    </bndbox>
  </object>
  <object>
    <name>pedestrian</name>
    <bndbox>
      <xmin>86</xmin>
      <ymin>246</ymin>
      <xmax>141</xmax>
      <ymax>373</ymax>
    </bndbox>
  </object>
  <object>
    <name>pedestrian</name>
    <bndbox>
      <xmin>837</xmin>
      <ymin>17</ymin>
      <xmax>869</xmax>
      <ymax>90</ymax>
    </bndbox>
  </object>
  <object>
    <name>pedestrian</name>
    <bndbox>
      <xmin>23</xmin>
      <ymin>240</ymin>
      <xmax>83</xmax>
      <ymax>366</ymax>
    </bndbox>
  </object>
</annotation>
