<annotation>
  <filename>117.jpg</filename>
  <size>
    <width>960</width>
    <height>540</height>
    <depth>3</depth>
  </size>
  <object>
    <name>pedestrian</name>
    <bndbox>
      <xmin>331</xmin>
      <ymin>47</ymin>
      <xmax>359</xmax>
      <ymax>123</ymax>
    </bndbox>
  </object>
  <object>
    <name>pedestrian</name>
    <bndbox>
      <xmin>527</xmin>
      <ymin>40</ymin>
      <xmax>553</xmax>
      <ymax>115</ymax>
    </bndbox>
  </object>
  <object>
    <name>pedestrian</name>
    <bndbox>
      <xmin>557</xmin>
      <ymin>49</ymin>
      <xmax>583</xmax>
      <ymax>126</ymax>
    </bndbox>
  </object>
  <object>
    <name>pedestrian</name>
    <bndbox>
      <xmin>141</xmin>
      <ymin>397</ymin>
      <xmax>208</xmax>
      <ymax>565</ymax>
    </bndbox>
  </object>
  <object>
    <name>pedestrian</name>
    <bndbox>
      <xmin>544</xmin>
      <ymin>268</ymin>
      <xmax>587</xmax>
      <ymax>404</ymax>
    </bndbox>
  </object>
  <object>
    <name>pedestrian</name>
    <bndbox>
      <xmin>836</xmin>
      <ymin>6</ymin>
      <xmax>868</xmax>
      <ymax>76</ymax>
    </bndbox>
  </object>
  <object>
    <name>pedestrian</name>
    <bndbox>
      <xmin>557</xmin>
      <ymin>0</ymin>
      <xmax>579</xmax>
      <ymax>64</ymax>
    </bndbox>
  </object>
  <object>
    <name>pedestrian</name>
    <bndbox>
      <xmin>481</xmin>
      <ymin>21</ymin>
      <xmax>506</xmax>
      <ymax>90</ymax>
    </bndbox>
  </object>
  <object>
    <name>pedestrian</name>
    <bndbox>
      <xmin>837</xmin>
      <ymin>265</ymin>
      <xmax>891</xmax>
      <ymax>401</ymax>
    </bndbox>
  </object>
</annotation>
