<annotation>
  <filename>1170.jpg</filename>
  <size>
    <width>960</width>
    <height>540</height>
    <depth>3</depth>
  </size>
  <object>
    <name>pedestrian</name>
    <bndbox>
      <xmin>872</xmin>
      <ymin>67</ymin>
      <xmax>911</xmax>
      <ymax>154</ymax>
    </bndbox>
  </object>
  <object>
    <name>pedestrian</name>
    <bndbox>
      <xmin>201</xmin>
      <ymin>158</ymin>
      <xmax>243</xmax>
      <ymax>263</ymax>
    </bndbox>
  </object>
  <object>
    <name>pedestrian</name>
    <bndbox>
      <xmin>461</xmin>
      <ymin>29</ymin>
      <xmax>486</xmax>
      <ymax>100</ymax>
    </bndbox>
  </object>
  <object>
    <name>pedestrian</name>
    <bndbox>
      <xmin>310</xmin>
      <ymin>55</ymin>
      <xmax>339</xmax>
      <ymax>132</ymax>
    </bndbox>
  </object>
  <object>
    <name>pedestrian</name>
    <bndbox>
      <xmin>763</xmin>
      <ymin>292</ymin>
      <xmax>815</xmax>
      <ymax>434</ymax>
    </bndbox>
  </object>
  <object>
    <name>pedestrian</name>
    <bndbox>
      <xmin>800</xmin>
      <ymin>297</ymin>
      <xmax>855</xmax>
      <ymax>442</ymax>
    </bndbox>
  </object>
  <object>
    <name>pedestrian</name>
    <bndbox>
      <xmin>189</xmin>
      <ymin>135</ymin>
      <xmax>229</xmax>
      <ymax>233</ymax>
    </bndbox>
  </object>
  <object>
    <name>pedestrian</name>
    <bndbox>
      <xmin>739</xmin>
      <ymin>340</ymin>
      <xmax>794</xmax>
      <ymax>495</ymax>
    </bndbox>
  </object>
  <object>
    <name>pedestrian</name>
    <bndbox>
      <xmin>812</xmin>
      <ymin>339</ymin>
      <xmax>871</xmax>
      <ymax>496</ymax>
    </bndbox>
  </object>
  <object>
    <name>pedestrian</name>
    <bndbox>
      <xmin>826</xmin>
      <ymin>118</ymin>
      <xmax>865</xmax>
      <ymax>215</ymax>
    </bndbox>
  </object>
  <object>
    <name>pedestrian</name>
    <bndbox>
      <xmin>429</xmin>
      <ymin>29</ymin>
      <xmax>455</xmax>
      <ymax>99</ymax>
    </bndbox>
  </object>
  <object>
    <name>pedestrian</name>
    <bndbox>
      <xmin>884</xmin>
      <ymin>132</ymin>
      <xmax>930</xmax>
      <ymax>235</ymax>
    </bndbox>
  </object>
  <object>
    <name>pedestrian</name>
    <bndbox>
      <xmin>484</xmin>
      <ymin>11</ymin>
      <xmax>508</xmax>
      <ymax>78</ymax>
    </bndbox>
  </object>
  <object>
    <name>pedestrian</name>
    <bndbox>
      <xmin>92</xmin>
      <ymin>241</ymin>
      <xmax>147</xmax>
      <ymax>368</ymax>
    </bndbox>
  </object>
  <object>
    <name>pedestrian</name>
    <bndbox>
      <xmin>836</xmin>
      <ymin>20</ymin>
      <xmax>869</xmax>
      <ymax>94</ymax>
    </bndbox>
  </object>
  <object>
    <name>pedestrian</name>
    <bndbox>
      <xmin>29</xmin>
      <ymin>236</ymin>
      <xmax>88</xmax>
      <ymax>361</ymax>
    </bndbox>
  </object>
</annotation>
