<annotation>
  <filename>1172.jpg</filename>
  <size>
    <width>960</width>
    <height>540</height>
    <depth>3</depth>
  </size>
  <object>
    <name>pedestrian</name>
    <bndbox>
      <xmin>872</xmin>
      <ymin>67</ymin>
      <xmax>911</xmax>
      <ymax>154</ymax>
    </bndbox>
  </object>
  <object>
    <name>pedestrian</name>
    <bndbox>
      <xmin>202</xmin>
      <ymin>158</ymin>
      <xmax>243</xmax>
      <ymax>263</ymax>
    </bndbox>
  </object>
  <object>
    <name>pedestrian</name>
    <bndbox>
      <xmin>464</xmin>
      <ymin>27</ymin>
      <xmax>489</xmax>
      <ymax>98</ymax>
    </bndbox>
  </object>
  <object>
    <name>pedestrian</name>
    <bndbox>
      <xmin>308</xmin>
      <ymin>55</ymin>
      <xmax>337</xmax>
      <ymax>133</ymax>
    </bndbox>
  </object>
  <object>
    <name>pedestrian</name>
    <bndbox>
      <xmin>763</xmin>
      <ymin>288</ymin>
      <xmax>815</xmax>
      <ymax>430</ymax>
    </bndbox>
  </object>
  <object>
    <name>pedestrian</name>
    <bndbox>
      <xmin>801</xmin>
      <ymin>295</ymin>
      <xmax>856</xmax>
      <ymax>439</ymax>
    </bndbox>
  </object>
  <object>
    <name>pedestrian</name>
    <bndbox>
      <xmin>191</xmin>
      <ymin>134</ymin>
      <xmax>231</xmax>
      <ymax>232</ymax>
    </bndbox>
  </object>
  <object>
    <name>pedestrian</name>
    <bndbox>
      <xmin>741</xmin>
      <ymin>339</ymin>
      <xmax>796</xmax>
      <ymax>493</ymax>
    </bndbox>
  </object>
  <object>
    <name>pedestrian</name>
    <bndbox>
      <xmin>814</xmin>
      <ymin>335</ymin>
      <xmax>873</xmax>
      <ymax>491</ymax>
    </bndbox>
  </object>
  <object>
    <name>pedestrian</name>
    <bndbox>
      <xmin>824</xmin>
      <ymin>120</ymin>
      <xmax>864</xmax>
      <ymax>218</ymax>
    </bndbox>
  </object>
  <object>
    <name>pedestrian</name>
    <bndbox>
      <xmin>427</xmin>
      <ymin>29</ymin>
      <xmax>453</xmax>
      <ymax>100</ymax>
    </bndbox>
  </object>
  <object>
    <name>pedestrian</name>
    <bndbox>
      <xmin>883</xmin>
      <ymin>133</ymin>
      <xmax>929</xmax>
      <ymax>236</ymax>
    </bndbox>
  </object>
  <object>
    <name>pedestrian</name>
    <bndbox>
      <xmin>481</xmin>
      <ymin>12</ymin>
      <xmax>505</xmax>
      <ymax>79</ymax>
    </bndbox>
  </object>
  <object>
    <name>pedestrian</name>
    <bndbox>
      <xmin>97</xmin>
      <ymin>238</ymin>
      <xmax>151</xmax>
      <ymax>363</ymax>
    </bndbox>
  </object>
  <object>
    <name>pedestrian</name>
    <bndbox>
      <xmin>836</xmin>
      <ymin>21</ymin>
      <xmax>869</xmax>
      <ymax>95</ymax>
    </bndbox>
  </object>
  <object>
    <name>pedestrian</name>
    <bndbox>
      <xmin>33</xmin>
      <ymin>234</ymin>
      <xmax>91</xmax>
      <ymax>359</ymax>
    </bndbox>
  </object>
</annotation>
