<annotation>
  <filename>118.jpg</filename>
  <size>
    <width>960</width>
    <height>540</height>
    <depth>3</depth>
  </size>
  <object>
    <name>pedestrian</name>
    <bndbox>
      <xmin>332</xmin>
      <ymin>47</ymin>
      <xmax>361</xmax>
      <ymax>123</ymax>
    </bndbox>
  </object>
  <object>
    <name>pedestrian</name>
    <bndbox>
      <xmin>528</xmin>
      <ymin>40</ymin>
      <xmax>554</xmax>
      <ymax>115</ymax>
    </bndbox>
  </object>
  <object>
    <name>pedestrian</name>
    <bndbox>
      <xmin>558</xmin>
      <ymin>48</ymin>
      <xmax>584</xmax>
      <ymax>125</ymax>
    </bndbox>
  </object>
  <object>
    <name>pedestrian</name>
    <bndbox>
      <xmin>138</xmin>
      <ymin>400</ymin>
      <xmax>206</xmax>
      <ymax>570</ymax>
    </bndbox>
  </object>
  <object>
    <name>pedestrian</name>
    <bndbox>
      <xmin>545</xmin>
      <ymin>267</ymin>
      <xmax>588</xmax>
      <ymax>403</ymax>
    </bndbox>
  </object>
  <object>
    <name>pedestrian</name>
    <bndbox>
      <xmin>836</xmin>
      <ymin>6</ymin>
      <xmax>868</xmax>
      <ymax>76</ymax>
    </bndbox>
  </object>
  <object>
    <name>pedestrian</name>
    <bndbox>
      <xmin>558</xmin>
      <ymin>0</ymin>
      <xmax>580</xmax>
      <ymax>64</ymax>
    </bndbox>
  </object>
  <object>
    <name>pedestrian</name>
    <bndbox>
      <xmin>481</xmin>
      <ymin>21</ymin>
      <xmax>505</xmax>
      <ymax>90</ymax>
    </bndbox>
  </object>
  <object>
    <name>pedestrian</name>
    <bndbox>
      <xmin>837</xmin>
      <ymin>265</ymin>
      <xmax>891</xmax>
      <ymax>402</ymax>
    </bndbox>
  </object>
</annotation>
