<annotation>
  <filename>1180.jpg</filename>
  <size>
    <width>960</width>
    <height>540</height>
    <depth>3</depth>
  </size>
  <object>
    <name>pedestrian</name>
    <bndbox>
      <xmin>872</xmin>
      <ymin>67</ymin>
      <xmax>911</xmax>
      <ymax>154</ymax>
    </bndbox>
  </object>
  <object>
    <name>pedestrian</name>
    <bndbox>
      <xmin>203</xmin>
      <ymin>160</ymin>
      <xmax>244</xmax>
      <ymax>266</ymax>
    </bndbox>
  </object>
  <object>
    <name>pedestrian</name>
    <bndbox>
      <xmin>470</xmin>
      <ymin>23</ymin>
      <xmax>495</xmax>
      <ymax>92</ymax>
    </bndbox>
  </object>
  <object>
    <name>pedestrian</name>
    <bndbox>
      <xmin>298</xmin>
      <ymin>58</ymin>
      <xmax>327</xmax>
      <ymax>137</ymax>
    </bndbox>
  </object>
  <object>
    <name>pedestrian</name>
    <bndbox>
      <xmin>769</xmin>
      <ymin>277</ymin>
      <xmax>820</xmax>
      <ymax>416</ymax>
    </bndbox>
  </object>
  <object>
    <name>pedestrian</name>
    <bndbox>
      <xmin>809</xmin>
      <ymin>287</ymin>
      <xmax>863</xmax>
      <ymax>429</ymax>
    </bndbox>
  </object>
  <object>
    <name>pedestrian</name>
    <bndbox>
      <xmin>199</xmin>
      <ymin>127</ymin>
      <xmax>237</xmax>
      <ymax>224</ymax>
    </bndbox>
  </object>
  <object>
    <name>pedestrian</name>
    <bndbox>
      <xmin>744</xmin>
      <ymin>329</ymin>
      <xmax>799</xmax>
      <ymax>481</ymax>
    </bndbox>
  </object>
  <object>
    <name>pedestrian</name>
    <bndbox>
      <xmin>820</xmin>
      <ymin>326</ymin>
      <xmax>878</xmax>
      <ymax>479</ymax>
    </bndbox>
  </object>
  <object>
    <name>pedestrian</name>
    <bndbox>
      <xmin>819</xmin>
      <ymin>125</ymin>
      <xmax>859</xmax>
      <ymax>225</ymax>
    </bndbox>
  </object>
  <object>
    <name>pedestrian</name>
    <bndbox>
      <xmin>419</xmin>
      <ymin>33</ymin>
      <xmax>445</xmax>
      <ymax>105</ymax>
    </bndbox>
  </object>
  <object>
    <name>pedestrian</name>
    <bndbox>
      <xmin>878</xmin>
      <ymin>138</ymin>
      <xmax>924</xmax>
      <ymax>243</ymax>
    </bndbox>
  </object>
  <object>
    <name>pedestrian</name>
    <bndbox>
      <xmin>475</xmin>
      <ymin>14</ymin>
      <xmax>499</xmax>
      <ymax>82</ymax>
    </bndbox>
  </object>
  <object>
    <name>pedestrian</name>
    <bndbox>
      <xmin>119</xmin>
      <ymin>232</ymin>
      <xmax>172</xmax>
      <ymax>356</ymax>
    </bndbox>
  </object>
  <object>
    <name>pedestrian</name>
    <bndbox>
      <xmin>835</xmin>
      <ymin>21</ymin>
      <xmax>867</xmax>
      <ymax>96</ymax>
    </bndbox>
  </object>
  <object>
    <name>pedestrian</name>
    <bndbox>
      <xmin>54</xmin>
      <ymin>228</ymin>
      <xmax>110</xmax>
      <ymax>350</ymax>
    </bndbox>
  </object>
  <object>
    <name>pedestrian</name>
    <bndbox>
      <xmin>-3</xmin>
      <ymin>229</ymin>
      <xmax>58</xmax>
      <ymax>352</ymax>
    </bndbox>
  </object>
  <object>
    <name>pedestrian</name>
    <bndbox>
      <xmin>840</xmin>
      <ymin>361</ymin>
      <xmax>902</xmax>
      <ymax>525</ymax>
    </bndbox>
  </object>
</annotation>
