<annotation>
  <filename>1186.jpg</filename>
  <size>
    <width>960</width>
    <height>540</height>
    <depth>3</depth>
  </size>
  <object>
    <name>pedestrian</name>
    <bndbox>
      <xmin>872</xmin>
      <ymin>67</ymin>
      <xmax>911</xmax>
      <ymax>154</ymax>
    </bndbox>
  </object>
  <object>
    <name>pedestrian</name>
    <bndbox>
      <xmin>204</xmin>
      <ymin>162</ymin>
      <xmax>245</xmax>
      <ymax>268</ymax>
    </bndbox>
  </object>
  <object>
    <name>pedestrian</name>
    <bndbox>
      <xmin>481</xmin>
      <ymin>20</ymin>
      <xmax>506</xmax>
      <ymax>89</ymax>
    </bndbox>
  </object>
  <object>
    <name>pedestrian</name>
    <bndbox>
      <xmin>287</xmin>
      <ymin>60</ymin>
      <xmax>317</xmax>
      <ymax>139</ymax>
    </bndbox>
  </object>
  <object>
    <name>pedestrian</name>
    <bndbox>
      <xmin>778</xmin>
      <ymin>273</ymin>
      <xmax>829</xmax>
      <ymax>410</ymax>
    </bndbox>
  </object>
  <object>
    <name>pedestrian</name>
    <bndbox>
      <xmin>813</xmin>
      <ymin>280</ymin>
      <xmax>867</xmax>
      <ymax>420</ymax>
    </bndbox>
  </object>
  <object>
    <name>pedestrian</name>
    <bndbox>
      <xmin>215</xmin>
      <ymin>125</ymin>
      <xmax>252</xmax>
      <ymax>221</ymax>
    </bndbox>
  </object>
  <object>
    <name>pedestrian</name>
    <bndbox>
      <xmin>752</xmin>
      <ymin>319</ymin>
      <xmax>806</xmax>
      <ymax>468</ymax>
    </bndbox>
  </object>
  <object>
    <name>pedestrian</name>
    <bndbox>
      <xmin>826</xmin>
      <ymin>316</ymin>
      <xmax>883</xmax>
      <ymax>466</ymax>
    </bndbox>
  </object>
  <object>
    <name>pedestrian</name>
    <bndbox>
      <xmin>813</xmin>
      <ymin>129</ymin>
      <xmax>852</xmax>
      <ymax>230</ymax>
    </bndbox>
  </object>
  <object>
    <name>pedestrian</name>
    <bndbox>
      <xmin>410</xmin>
      <ymin>34</ymin>
      <xmax>436</xmax>
      <ymax>107</ymax>
    </bndbox>
  </object>
  <object>
    <name>pedestrian</name>
    <bndbox>
      <xmin>875</xmin>
      <ymin>141</ymin>
      <xmax>921</xmax>
      <ymax>246</ymax>
    </bndbox>
  </object>
  <object>
    <name>pedestrian</name>
    <bndbox>
      <xmin>468</xmin>
      <ymin>15</ymin>
      <xmax>493</xmax>
      <ymax>83</ymax>
    </bndbox>
  </object>
  <object>
    <name>pedestrian</name>
    <bndbox>
      <xmin>130</xmin>
      <ymin>221</ymin>
      <xmax>181</xmax>
      <ymax>342</ymax>
    </bndbox>
  </object>
  <object>
    <name>pedestrian</name>
    <bndbox>
      <xmin>832</xmin>
      <ymin>26</ymin>
      <xmax>864</xmax>
      <ymax>101</ymax>
    </bndbox>
  </object>
  <object>
    <name>pedestrian</name>
    <bndbox>
      <xmin>64</xmin>
      <ymin>220</ymin>
      <xmax>118</xmax>
      <ymax>340</ymax>
    </bndbox>
  </object>
  <object>
    <name>pedestrian</name>
    <bndbox>
      <xmin>14</xmin>
      <ymin>218</ymin>
      <xmax>73</xmax>
      <ymax>338</ymax>
    </bndbox>
  </object>
  <object>
    <name>pedestrian</name>
    <bndbox>
      <xmin>818</xmin>
      <ymin>357</ymin>
      <xmax>878</xmax>
      <ymax>519</ymax>
    </bndbox>
  </object>
</annotation>
