<annotation>
  <filename>1187.jpg</filename>
  <size>
    <width>960</width>
    <height>540</height>
    <depth>3</depth>
  </size>
  <object>
    <name>pedestrian</name>
    <bndbox>
      <xmin>872</xmin>
      <ymin>67</ymin>
      <xmax>911</xmax>
      <ymax>154</ymax>
    </bndbox>
  </object>
  <object>
    <name>pedestrian</name>
    <bndbox>
      <xmin>204</xmin>
      <ymin>162</ymin>
      <xmax>245</xmax>
      <ymax>268</ymax>
    </bndbox>
  </object>
  <object>
    <name>pedestrian</name>
    <bndbox>
      <xmin>482</xmin>
      <ymin>19</ymin>
      <xmax>507</xmax>
      <ymax>88</ymax>
    </bndbox>
  </object>
  <object>
    <name>pedestrian</name>
    <bndbox>
      <xmin>286</xmin>
      <ymin>61</ymin>
      <xmax>316</xmax>
      <ymax>140</ymax>
    </bndbox>
  </object>
  <object>
    <name>pedestrian</name>
    <bndbox>
      <xmin>779</xmin>
      <ymin>271</ymin>
      <xmax>830</xmax>
      <ymax>408</ymax>
    </bndbox>
  </object>
  <object>
    <name>pedestrian</name>
    <bndbox>
      <xmin>813</xmin>
      <ymin>279</ymin>
      <xmax>867</xmax>
      <ymax>419</ymax>
    </bndbox>
  </object>
  <object>
    <name>pedestrian</name>
    <bndbox>
      <xmin>217</xmin>
      <ymin>125</ymin>
      <xmax>254</xmax>
      <ymax>221</ymax>
    </bndbox>
  </object>
  <object>
    <name>pedestrian</name>
    <bndbox>
      <xmin>753</xmin>
      <ymin>319</ymin>
      <xmax>807</xmax>
      <ymax>468</ymax>
    </bndbox>
  </object>
  <object>
    <name>pedestrian</name>
    <bndbox>
      <xmin>827</xmin>
      <ymin>314</ymin>
      <xmax>884</xmax>
      <ymax>464</ymax>
    </bndbox>
  </object>
  <object>
    <name>pedestrian</name>
    <bndbox>
      <xmin>812</xmin>
      <ymin>131</ymin>
      <xmax>851</xmax>
      <ymax>231</ymax>
    </bndbox>
  </object>
  <object>
    <name>pedestrian</name>
    <bndbox>
      <xmin>409</xmin>
      <ymin>35</ymin>
      <xmax>436</xmax>
      <ymax>108</ymax>
    </bndbox>
  </object>
  <object>
    <name>pedestrian</name>
    <bndbox>
      <xmin>875</xmin>
      <ymin>141</ymin>
      <xmax>920</xmax>
      <ymax>247</ymax>
    </bndbox>
  </object>
  <object>
    <name>pedestrian</name>
    <bndbox>
      <xmin>468</xmin>
      <ymin>16</ymin>
      <xmax>492</xmax>
      <ymax>83</ymax>
    </bndbox>
  </object>
  <object>
    <name>pedestrian</name>
    <bndbox>
      <xmin>132</xmin>
      <ymin>221</ymin>
      <xmax>182</xmax>
      <ymax>341</ymax>
    </bndbox>
  </object>
  <object>
    <name>pedestrian</name>
    <bndbox>
      <xmin>831</xmin>
      <ymin>26</ymin>
      <xmax>863</xmax>
      <ymax>102</ymax>
    </bndbox>
  </object>
  <object>
    <name>pedestrian</name>
    <bndbox>
      <xmin>65</xmin>
      <ymin>219</ymin>
      <xmax>120</xmax>
      <ymax>339</ymax>
    </bndbox>
  </object>
  <object>
    <name>pedestrian</name>
    <bndbox>
      <xmin>17</xmin>
      <ymin>217</ymin>
      <xmax>75</xmax>
      <ymax>338</ymax>
    </bndbox>
  </object>
  <object>
    <name>pedestrian</name>
    <bndbox>
      <xmin>814</xmin>
      <ymin>357</ymin>
      <xmax>875</xmax>
      <ymax>519</ymax>
    </bndbox>
  </object>
</annotation>
