<annotation>
  <filename>12.jpg</filename>
  <size>
    <width>960</width>
    <height>540</height>
    <depth>3</depth>
  </size>
  <object>
    <name>pedestrian</name>
    <bndbox>
      <xmin>73</xmin>
      <ymin>418</ymin>
      <xmax>146</xmax>
      <ymax>597</ymax>
    </bndbox>
  </object>
  <object>
    <name>pedestrian</name>
    <bndbox>
      <xmin>108</xmin>
      <ymin>158</ymin>
      <xmax>154</xmax>
      <ymax>262</ymax>
    </bndbox>
  </object>
  <object>
    <name>pedestrian</name>
    <bndbox>
      <xmin>167</xmin>
      <ymin>106</ymin>
      <xmax>205</xmax>
      <ymax>197</ymax>
    </bndbox>
  </object>
  <object>
    <name>pedestrian</name>
    <bndbox>
      <xmin>376</xmin>
      <ymin>102</ymin>
      <xmax>409</xmax>
      <ymax>193</ymax>
    </bndbox>
  </object>
  <object>
    <name>pedestrian</name>
    <bndbox>
      <xmin>417</xmin>
      <ymin>109</ymin>
      <xmax>450</xmax>
      <ymax>202</ymax>
    </bndbox>
  </object>
  <object>
    <name>pedestrian</name>
    <bndbox>
      <xmin>412</xmin>
      <ymin>211</ymin>
      <xmax>454</xmax>
      <ymax>333</ymax>
    </bndbox>
  </object>
  <object>
    <name>pedestrian</name>
    <bndbox>
      <xmin>355</xmin>
      <ymin>463</ymin>
      <xmax>420</xmax>
      <ymax>647</ymax>
    </bndbox>
  </object>
  <object>
    <name>pedestrian</name>
    <bndbox>
      <xmin>809</xmin>
      <ymin>322</ymin>
      <xmax>867</xmax>
      <ymax>474</ymax>
    </bndbox>
  </object>
  <object>
    <name>pedestrian</name>
    <bndbox>
      <xmin>908</xmin>
      <ymin>84</ymin>
      <xmax>953</xmax>
      <ymax>176</ymax>
    </bndbox>
  </object>
  <object>
    <name>pedestrian</name>
    <bndbox>
      <xmin>822</xmin>
      <ymin>50</ymin>
      <xmax>856</xmax>
      <ymax>130</ymax>
    </bndbox>
  </object>
  <object>
    <name>pedestrian</name>
    <bndbox>
      <xmin>738</xmin>
      <ymin>9</ymin>
      <xmax>764</xmax>
      <ymax>77</ymax>
    </bndbox>
  </object>
  <object>
    <name>pedestrian</name>
    <bndbox>
      <xmin>703</xmin>
      <ymin>-7</ymin>
      <xmax>727</xmax>
      <ymax>57</ymax>
    </bndbox>
  </object>
  <object>
    <name>pedestrian</name>
    <bndbox>
      <xmin>459</xmin>
      <ymin>33</ymin>
      <xmax>485</xmax>
      <ymax>106</ymax>
    </bndbox>
  </object>
  <object>
    <name>pedestrian</name>
    <bndbox>
      <xmin>903</xmin>
      <ymin>140</ymin>
      <xmax>953</xmax>
      <ymax>246</ymax>
    </bndbox>
  </object>
</annotation>
