<annotation>
  <filename>1203.jpg</filename>
  <size>
    <width>960</width>
    <height>540</height>
    <depth>3</depth>
  </size>
  <object>
    <name>pedestrian</name>
    <bndbox>
      <xmin>871</xmin>
      <ymin>67</ymin>
      <xmax>910</xmax>
      <ymax>153</ymax>
    </bndbox>
  </object>
  <object>
    <name>pedestrian</name>
    <bndbox>
      <xmin>203</xmin>
      <ymin>163</ymin>
      <xmax>245</xmax>
      <ymax>269</ymax>
    </bndbox>
  </object>
  <object>
    <name>pedestrian</name>
    <bndbox>
      <xmin>503</xmin>
      <ymin>12</ymin>
      <xmax>527</xmax>
      <ymax>79</ymax>
    </bndbox>
  </object>
  <object>
    <name>pedestrian</name>
    <bndbox>
      <xmin>263</xmin>
      <ymin>68</ymin>
      <xmax>295</xmax>
      <ymax>149</ymax>
    </bndbox>
  </object>
  <object>
    <name>pedestrian</name>
    <bndbox>
      <xmin>785</xmin>
      <ymin>254</ymin>
      <xmax>834</xmax>
      <ymax>386</ymax>
    </bndbox>
  </object>
  <object>
    <name>pedestrian</name>
    <bndbox>
      <xmin>823</xmin>
      <ymin>263</ymin>
      <xmax>876</xmax>
      <ymax>399</ymax>
    </bndbox>
  </object>
  <object>
    <name>pedestrian</name>
    <bndbox>
      <xmin>236</xmin>
      <ymin>112</ymin>
      <xmax>272</xmax>
      <ymax>205</ymax>
    </bndbox>
  </object>
  <object>
    <name>pedestrian</name>
    <bndbox>
      <xmin>771</xmin>
      <ymin>300</ymin>
      <xmax>824</xmax>
      <ymax>445</ymax>
    </bndbox>
  </object>
  <object>
    <name>pedestrian</name>
    <bndbox>
      <xmin>846</xmin>
      <ymin>296</ymin>
      <xmax>903</xmax>
      <ymax>441</ymax>
    </bndbox>
  </object>
  <object>
    <name>pedestrian</name>
    <bndbox>
      <xmin>799</xmin>
      <ymin>144</ymin>
      <xmax>839</xmax>
      <ymax>248</ymax>
    </bndbox>
  </object>
  <object>
    <name>pedestrian</name>
    <bndbox>
      <xmin>395</xmin>
      <ymin>42</ymin>
      <xmax>422</xmax>
      <ymax>117</ymax>
    </bndbox>
  </object>
  <object>
    <name>pedestrian</name>
    <bndbox>
      <xmin>863</xmin>
      <ymin>154</ymin>
      <xmax>909</xmax>
      <ymax>262</ymax>
    </bndbox>
  </object>
  <object>
    <name>pedestrian</name>
    <bndbox>
      <xmin>453</xmin>
      <ymin>25</ymin>
      <xmax>478</xmax>
      <ymax>95</ymax>
    </bndbox>
  </object>
  <object>
    <name>pedestrian</name>
    <bndbox>
      <xmin>162</xmin>
      <ymin>206</ymin>
      <xmax>209</xmax>
      <ymax>323</ymax>
    </bndbox>
  </object>
  <object>
    <name>pedestrian</name>
    <bndbox>
      <xmin>828</xmin>
      <ymin>33</ymin>
      <xmax>861</xmax>
      <ymax>109</ymax>
    </bndbox>
  </object>
  <object>
    <name>pedestrian</name>
    <bndbox>
      <xmin>97</xmin>
      <ymin>204</ymin>
      <xmax>148</xmax>
      <ymax>320</ymax>
    </bndbox>
  </object>
  <object>
    <name>pedestrian</name>
    <bndbox>
      <xmin>48</xmin>
      <ymin>201</ymin>
      <xmax>102</xmax>
      <ymax>317</ymax>
    </bndbox>
  </object>
  <object>
    <name>pedestrian</name>
    <bndbox>
      <xmin>751</xmin>
      <ymin>360</ymin>
      <xmax>809</xmax>
      <ymax>521</ymax>
    </bndbox>
  </object>
  <object>
    <name>pedestrian</name>
    <bndbox>
      <xmin>0</xmin>
      <ymin>190</ymin>
      <xmax>57</xmax>
      <ymax>303</ymax>
    </bndbox>
  </object>
</annotation>
