<annotation>
  <filename>121.jpg</filename>
  <size>
    <width>960</width>
    <height>540</height>
    <depth>3</depth>
  </size>
  <object>
    <name>pedestrian</name>
    <bndbox>
      <xmin>336</xmin>
      <ymin>47</ymin>
      <xmax>364</xmax>
      <ymax>122</ymax>
    </bndbox>
  </object>
  <object>
    <name>pedestrian</name>
    <bndbox>
      <xmin>532</xmin>
      <ymin>40</ymin>
      <xmax>558</xmax>
      <ymax>115</ymax>
    </bndbox>
  </object>
  <object>
    <name>pedestrian</name>
    <bndbox>
      <xmin>561</xmin>
      <ymin>46</ymin>
      <xmax>587</xmax>
      <ymax>123</ymax>
    </bndbox>
  </object>
  <object>
    <name>pedestrian</name>
    <bndbox>
      <xmin>129</xmin>
      <ymin>411</ymin>
      <xmax>199</xmax>
      <ymax>584</ymax>
    </bndbox>
  </object>
  <object>
    <name>pedestrian</name>
    <bndbox>
      <xmin>548</xmin>
      <ymin>263</ymin>
      <xmax>590</xmax>
      <ymax>398</ymax>
    </bndbox>
  </object>
  <object>
    <name>pedestrian</name>
    <bndbox>
      <xmin>836</xmin>
      <ymin>5</ymin>
      <xmax>867</xmax>
      <ymax>76</ymax>
    </bndbox>
  </object>
  <object>
    <name>pedestrian</name>
    <bndbox>
      <xmin>562</xmin>
      <ymin>-1</ymin>
      <xmax>584</xmax>
      <ymax>62</ymax>
    </bndbox>
  </object>
  <object>
    <name>pedestrian</name>
    <bndbox>
      <xmin>478</xmin>
      <ymin>23</ymin>
      <xmax>503</xmax>
      <ymax>93</ymax>
    </bndbox>
  </object>
  <object>
    <name>pedestrian</name>
    <bndbox>
      <xmin>837</xmin>
      <ymin>270</ymin>
      <xmax>891</xmax>
      <ymax>408</ymax>
    </bndbox>
  </object>
  <object>
    <name>pedestrian</name>
    <bndbox>
      <xmin>-21</xmin>
      <ymin>263</ymin>
      <xmax>45</xmax>
      <ymax>396</ymax>
    </bndbox>
  </object>
</annotation>
