<annotation>
  <filename>1211.jpg</filename>
  <size>
    <width>960</width>
    <height>540</height>
    <depth>3</depth>
  </size>
  <object>
    <name>pedestrian</name>
    <bndbox>
      <xmin>869</xmin>
      <ymin>66</ymin>
      <xmax>908</xmax>
      <ymax>153</ymax>
    </bndbox>
  </object>
  <object>
    <name>pedestrian</name>
    <bndbox>
      <xmin>202</xmin>
      <ymin>164</ymin>
      <xmax>244</xmax>
      <ymax>270</ymax>
    </bndbox>
  </object>
  <object>
    <name>pedestrian</name>
    <bndbox>
      <xmin>509</xmin>
      <ymin>9</ymin>
      <xmax>532</xmax>
      <ymax>75</ymax>
    </bndbox>
  </object>
  <object>
    <name>pedestrian</name>
    <bndbox>
      <xmin>251</xmin>
      <ymin>72</ymin>
      <xmax>283</xmax>
      <ymax>154</ymax>
    </bndbox>
  </object>
  <object>
    <name>pedestrian</name>
    <bndbox>
      <xmin>788</xmin>
      <ymin>245</ymin>
      <xmax>837</xmax>
      <ymax>376</ymax>
    </bndbox>
  </object>
  <object>
    <name>pedestrian</name>
    <bndbox>
      <xmin>831</xmin>
      <ymin>254</ymin>
      <xmax>883</xmax>
      <ymax>387</ymax>
    </bndbox>
  </object>
  <object>
    <name>pedestrian</name>
    <bndbox>
      <xmin>252</xmin>
      <ymin>110</ymin>
      <xmax>288</xmax>
      <ymax>203</ymax>
    </bndbox>
  </object>
  <object>
    <name>pedestrian</name>
    <bndbox>
      <xmin>774</xmin>
      <ymin>287</ymin>
      <xmax>826</xmax>
      <ymax>429</ymax>
    </bndbox>
  </object>
  <object>
    <name>pedestrian</name>
    <bndbox>
      <xmin>851</xmin>
      <ymin>285</ymin>
      <xmax>908</xmax>
      <ymax>427</ymax>
    </bndbox>
  </object>
  <object>
    <name>pedestrian</name>
    <bndbox>
      <xmin>793</xmin>
      <ymin>148</ymin>
      <xmax>833</xmax>
      <ymax>254</ymax>
    </bndbox>
  </object>
  <object>
    <name>pedestrian</name>
    <bndbox>
      <xmin>385</xmin>
      <ymin>43</ymin>
      <xmax>412</xmax>
      <ymax>118</ymax>
    </bndbox>
  </object>
  <object>
    <name>pedestrian</name>
    <bndbox>
      <xmin>858</xmin>
      <ymin>158</ymin>
      <xmax>903</xmax>
      <ymax>266</ymax>
    </bndbox>
  </object>
  <object>
    <name>pedestrian</name>
    <bndbox>
      <xmin>442</xmin>
      <ymin>27</ymin>
      <xmax>467</xmax>
      <ymax>98</ymax>
    </bndbox>
  </object>
  <object>
    <name>pedestrian</name>
    <bndbox>
      <xmin>178</xmin>
      <ymin>197</ymin>
      <xmax>224</xmax>
      <ymax>312</ymax>
    </bndbox>
  </object>
  <object>
    <name>pedestrian</name>
    <bndbox>
      <xmin>827</xmin>
      <ymin>34</ymin>
      <xmax>859</xmax>
      <ymax>110</ymax>
    </bndbox>
  </object>
  <object>
    <name>pedestrian</name>
    <bndbox>
      <xmin>118</xmin>
      <ymin>197</ymin>
      <xmax>167</xmax>
      <ymax>312</ymax>
    </bndbox>
  </object>
  <object>
    <name>pedestrian</name>
    <bndbox>
      <xmin>64</xmin>
      <ymin>195</ymin>
      <xmax>116</xmax>
      <ymax>309</ymax>
    </bndbox>
  </object>
  <object>
    <name>pedestrian</name>
    <bndbox>
      <xmin>718</xmin>
      <ymin>365</ymin>
      <xmax>775</xmax>
      <ymax>526</ymax>
    </bndbox>
  </object>
  <object>
    <name>pedestrian</name>
    <bndbox>
      <xmin>18</xmin>
      <ymin>180</ymin>
      <xmax>73</xmax>
      <ymax>291</ymax>
    </bndbox>
  </object>
</annotation>
