<annotation>
  <filename>1217.jpg</filename>
  <size>
    <width>960</width>
    <height>540</height>
    <depth>3</depth>
  </size>
  <object>
    <name>pedestrian</name>
    <bndbox>
      <xmin>867</xmin>
      <ymin>66</ymin>
      <xmax>906</xmax>
      <ymax>152</ymax>
    </bndbox>
  </object>
  <object>
    <name>pedestrian</name>
    <bndbox>
      <xmin>202</xmin>
      <ymin>163</ymin>
      <xmax>243</xmax>
      <ymax>269</ymax>
    </bndbox>
  </object>
  <object>
    <name>pedestrian</name>
    <bndbox>
      <xmin>514</xmin>
      <ymin>7</ymin>
      <xmax>537</xmax>
      <ymax>72</ymax>
    </bndbox>
  </object>
  <object>
    <name>pedestrian</name>
    <bndbox>
      <xmin>244</xmin>
      <ymin>74</ymin>
      <xmax>276</xmax>
      <ymax>157</ymax>
    </bndbox>
  </object>
  <object>
    <name>pedestrian</name>
    <bndbox>
      <xmin>795</xmin>
      <ymin>242</ymin>
      <xmax>844</xmax>
      <ymax>372</ymax>
    </bndbox>
  </object>
  <object>
    <name>pedestrian</name>
    <bndbox>
      <xmin>831</xmin>
      <ymin>250</ymin>
      <xmax>883</xmax>
      <ymax>382</ymax>
    </bndbox>
  </object>
  <object>
    <name>pedestrian</name>
    <bndbox>
      <xmin>261</xmin>
      <ymin>106</ymin>
      <xmax>295</xmax>
      <ymax>197</ymax>
    </bndbox>
  </object>
  <object>
    <name>pedestrian</name>
    <bndbox>
      <xmin>780</xmin>
      <ymin>282</ymin>
      <xmax>832</xmax>
      <ymax>423</ymax>
    </bndbox>
  </object>
  <object>
    <name>pedestrian</name>
    <bndbox>
      <xmin>857</xmin>
      <ymin>279</ymin>
      <xmax>914</xmax>
      <ymax>421</ymax>
    </bndbox>
  </object>
  <object>
    <name>pedestrian</name>
    <bndbox>
      <xmin>786</xmin>
      <ymin>156</ymin>
      <xmax>827</xmax>
      <ymax>263</ymax>
    </bndbox>
  </object>
  <object>
    <name>pedestrian</name>
    <bndbox>
      <xmin>378</xmin>
      <ymin>46</ymin>
      <xmax>406</xmax>
      <ymax>122</ymax>
    </bndbox>
  </object>
  <object>
    <name>pedestrian</name>
    <bndbox>
      <xmin>854</xmin>
      <ymin>162</ymin>
      <xmax>900</xmax>
      <ymax>271</ymax>
    </bndbox>
  </object>
  <object>
    <name>pedestrian</name>
    <bndbox>
      <xmin>435</xmin>
      <ymin>32</ymin>
      <xmax>461</xmax>
      <ymax>103</ymax>
    </bndbox>
  </object>
  <object>
    <name>pedestrian</name>
    <bndbox>
      <xmin>186</xmin>
      <ymin>194</ymin>
      <xmax>232</xmax>
      <ymax>308</ymax>
    </bndbox>
  </object>
  <object>
    <name>pedestrian</name>
    <bndbox>
      <xmin>824</xmin>
      <ymin>39</ymin>
      <xmax>857</xmax>
      <ymax>116</ymax>
    </bndbox>
  </object>
  <object>
    <name>pedestrian</name>
    <bndbox>
      <xmin>126</xmin>
      <ymin>191</ymin>
      <xmax>174</xmax>
      <ymax>304</ymax>
    </bndbox>
  </object>
  <object>
    <name>pedestrian</name>
    <bndbox>
      <xmin>76</xmin>
      <ymin>188</ymin>
      <xmax>126</xmax>
      <ymax>300</ymax>
    </bndbox>
  </object>
  <object>
    <name>pedestrian</name>
    <bndbox>
      <xmin>694</xmin>
      <ymin>364</ymin>
      <xmax>751</xmax>
      <ymax>524</ymax>
    </bndbox>
  </object>
  <object>
    <name>pedestrian</name>
    <bndbox>
      <xmin>27</xmin>
      <ymin>177</ymin>
      <xmax>80</xmax>
      <ymax>287</ymax>
    </bndbox>
  </object>
</annotation>
