<annotation>
  <filename>1220.jpg</filename>
  <size>
    <width>960</width>
    <height>540</height>
    <depth>3</depth>
  </size>
  <object>
    <name>pedestrian</name>
    <bndbox>
      <xmin>867</xmin>
      <ymin>66</ymin>
      <xmax>906</xmax>
      <ymax>152</ymax>
    </bndbox>
  </object>
  <object>
    <name>pedestrian</name>
    <bndbox>
      <xmin>201</xmin>
      <ymin>162</ymin>
      <xmax>243</xmax>
      <ymax>268</ymax>
    </bndbox>
  </object>
  <object>
    <name>pedestrian</name>
    <bndbox>
      <xmin>518</xmin>
      <ymin>7</ymin>
      <xmax>541</xmax>
      <ymax>72</ymax>
    </bndbox>
  </object>
  <object>
    <name>pedestrian</name>
    <bndbox>
      <xmin>240</xmin>
      <ymin>77</ymin>
      <xmax>273</xmax>
      <ymax>160</ymax>
    </bndbox>
  </object>
  <object>
    <name>pedestrian</name>
    <bndbox>
      <xmin>798</xmin>
      <ymin>237</ymin>
      <xmax>846</xmax>
      <ymax>366</ymax>
    </bndbox>
  </object>
  <object>
    <name>pedestrian</name>
    <bndbox>
      <xmin>832</xmin>
      <ymin>245</ymin>
      <xmax>883</xmax>
      <ymax>376</ymax>
    </bndbox>
  </object>
  <object>
    <name>pedestrian</name>
    <bndbox>
      <xmin>264</xmin>
      <ymin>105</ymin>
      <xmax>298</xmax>
      <ymax>196</ymax>
    </bndbox>
  </object>
  <object>
    <name>pedestrian</name>
    <bndbox>
      <xmin>782</xmin>
      <ymin>277</ymin>
      <xmax>833</xmax>
      <ymax>416</ymax>
    </bndbox>
  </object>
  <object>
    <name>pedestrian</name>
    <bndbox>
      <xmin>862</xmin>
      <ymin>277</ymin>
      <xmax>919</xmax>
      <ymax>417</ymax>
    </bndbox>
  </object>
  <object>
    <name>pedestrian</name>
    <bndbox>
      <xmin>783</xmin>
      <ymin>158</ymin>
      <xmax>823</xmax>
      <ymax>266</ymax>
    </bndbox>
  </object>
  <object>
    <name>pedestrian</name>
    <bndbox>
      <xmin>374</xmin>
      <ymin>47</ymin>
      <xmax>402</xmax>
      <ymax>122</ymax>
    </bndbox>
  </object>
  <object>
    <name>pedestrian</name>
    <bndbox>
      <xmin>852</xmin>
      <ymin>163</ymin>
      <xmax>897</xmax>
      <ymax>272</ymax>
    </bndbox>
  </object>
  <object>
    <name>pedestrian</name>
    <bndbox>
      <xmin>432</xmin>
      <ymin>32</ymin>
      <xmax>458</xmax>
      <ymax>104</ymax>
    </bndbox>
  </object>
  <object>
    <name>pedestrian</name>
    <bndbox>
      <xmin>190</xmin>
      <ymin>190</ymin>
      <xmax>235</xmax>
      <ymax>303</ymax>
    </bndbox>
  </object>
  <object>
    <name>pedestrian</name>
    <bndbox>
      <xmin>822</xmin>
      <ymin>39</ymin>
      <xmax>855</xmax>
      <ymax>118</ymax>
    </bndbox>
  </object>
  <object>
    <name>pedestrian</name>
    <bndbox>
      <xmin>131</xmin>
      <ymin>190</ymin>
      <xmax>179</xmax>
      <ymax>302</ymax>
    </bndbox>
  </object>
  <object>
    <name>pedestrian</name>
    <bndbox>
      <xmin>81</xmin>
      <ymin>185</ymin>
      <xmax>131</xmax>
      <ymax>297</ymax>
    </bndbox>
  </object>
  <object>
    <name>pedestrian</name>
    <bndbox>
      <xmin>683</xmin>
      <ymin>365</ymin>
      <xmax>739</xmax>
      <ymax>525</ymax>
    </bndbox>
  </object>
  <object>
    <name>pedestrian</name>
    <bndbox>
      <xmin>29</xmin>
      <ymin>174</ymin>
      <xmax>82</xmax>
      <ymax>283</ymax>
    </bndbox>
  </object>
</annotation>
