<annotation>
  <filename>1228.jpg</filename>
  <size>
    <width>960</width>
    <height>540</height>
    <depth>3</depth>
  </size>
  <object>
    <name>pedestrian</name>
    <bndbox>
      <xmin>869</xmin>
      <ymin>66</ymin>
      <xmax>908</xmax>
      <ymax>152</ymax>
    </bndbox>
  </object>
  <object>
    <name>pedestrian</name>
    <bndbox>
      <xmin>199</xmin>
      <ymin>158</ymin>
      <xmax>240</xmax>
      <ymax>263</ymax>
    </bndbox>
  </object>
  <object>
    <name>pedestrian</name>
    <bndbox>
      <xmin>529</xmin>
      <ymin>0</ymin>
      <xmax>551</xmax>
      <ymax>63</ymax>
    </bndbox>
  </object>
  <object>
    <name>pedestrian</name>
    <bndbox>
      <xmin>231</xmin>
      <ymin>80</ymin>
      <xmax>264</xmax>
      <ymax>164</ymax>
    </bndbox>
  </object>
  <object>
    <name>pedestrian</name>
    <bndbox>
      <xmin>801</xmin>
      <ymin>230</ymin>
      <xmax>849</xmax>
      <ymax>357</ymax>
    </bndbox>
  </object>
  <object>
    <name>pedestrian</name>
    <bndbox>
      <xmin>838</xmin>
      <ymin>238</ymin>
      <xmax>889</xmax>
      <ymax>368</ymax>
    </bndbox>
  </object>
  <object>
    <name>pedestrian</name>
    <bndbox>
      <xmin>273</xmin>
      <ymin>99</ymin>
      <xmax>307</xmax>
      <ymax>188</ymax>
    </bndbox>
  </object>
  <object>
    <name>pedestrian</name>
    <bndbox>
      <xmin>782</xmin>
      <ymin>272</ymin>
      <xmax>833</xmax>
      <ymax>410</ymax>
    </bndbox>
  </object>
  <object>
    <name>pedestrian</name>
    <bndbox>
      <xmin>869</xmin>
      <ymin>267</ymin>
      <xmax>925</xmax>
      <ymax>404</ymax>
    </bndbox>
  </object>
  <object>
    <name>pedestrian</name>
    <bndbox>
      <xmin>778</xmin>
      <ymin>164</ymin>
      <xmax>818</xmax>
      <ymax>273</ymax>
    </bndbox>
  </object>
  <object>
    <name>pedestrian</name>
    <bndbox>
      <xmin>362</xmin>
      <ymin>53</ymin>
      <xmax>390</xmax>
      <ymax>130</ymax>
    </bndbox>
  </object>
  <object>
    <name>pedestrian</name>
    <bndbox>
      <xmin>841</xmin>
      <ymin>168</ymin>
      <xmax>886</xmax>
      <ymax>279</ymax>
    </bndbox>
  </object>
  <object>
    <name>pedestrian</name>
    <bndbox>
      <xmin>422</xmin>
      <ymin>36</ymin>
      <xmax>448</xmax>
      <ymax>109</ymax>
    </bndbox>
  </object>
  <object>
    <name>pedestrian</name>
    <bndbox>
      <xmin>208</xmin>
      <ymin>183</ymin>
      <xmax>251</xmax>
      <ymax>294</ymax>
    </bndbox>
  </object>
  <object>
    <name>pedestrian</name>
    <bndbox>
      <xmin>821</xmin>
      <ymin>42</ymin>
      <xmax>854</xmax>
      <ymax>120</ymax>
    </bndbox>
  </object>
  <object>
    <name>pedestrian</name>
    <bndbox>
      <xmin>146</xmin>
      <ymin>181</ymin>
      <xmax>192</xmax>
      <ymax>291</ymax>
    </bndbox>
  </object>
  <object>
    <name>pedestrian</name>
    <bndbox>
      <xmin>96</xmin>
      <ymin>176</ymin>
      <xmax>144</xmax>
      <ymax>285</ymax>
    </bndbox>
  </object>
  <object>
    <name>pedestrian</name>
    <bndbox>
      <xmin>652</xmin>
      <ymin>372</ymin>
      <xmax>707</xmax>
      <ymax>534</ymax>
    </bndbox>
  </object>
  <object>
    <name>pedestrian</name>
    <bndbox>
      <xmin>47</xmin>
      <ymin>168</ymin>
      <xmax>98</xmax>
      <ymax>276</ymax>
    </bndbox>
  </object>
  <object>
    <name>pedestrian</name>
    <bndbox>
      <xmin>911</xmin>
      <ymin>65</ymin>
      <xmax>954</xmax>
      <ymax>154</ymax>
    </bndbox>
  </object>
</annotation>
