<annotation>
  <filename>1232.jpg</filename>
  <size>
    <width>960</width>
    <height>540</height>
    <depth>3</depth>
  </size>
  <object>
    <name>pedestrian</name>
    <bndbox>
      <xmin>872</xmin>
      <ymin>65</ymin>
      <xmax>911</xmax>
      <ymax>152</ymax>
    </bndbox>
  </object>
  <object>
    <name>pedestrian</name>
    <bndbox>
      <xmin>198</xmin>
      <ymin>157</ymin>
      <xmax>239</xmax>
      <ymax>261</ymax>
    </bndbox>
  </object>
  <object>
    <name>pedestrian</name>
    <bndbox>
      <xmin>528</xmin>
      <ymin>-1</ymin>
      <xmax>550</xmax>
      <ymax>63</ymax>
    </bndbox>
  </object>
  <object>
    <name>pedestrian</name>
    <bndbox>
      <xmin>225</xmin>
      <ymin>83</ymin>
      <xmax>259</xmax>
      <ymax>167</ymax>
    </bndbox>
  </object>
  <object>
    <name>pedestrian</name>
    <bndbox>
      <xmin>801</xmin>
      <ymin>227</ymin>
      <xmax>849</xmax>
      <ymax>353</ymax>
    </bndbox>
  </object>
  <object>
    <name>pedestrian</name>
    <bndbox>
      <xmin>844</xmin>
      <ymin>235</ymin>
      <xmax>896</xmax>
      <ymax>364</ymax>
    </bndbox>
  </object>
  <object>
    <name>pedestrian</name>
    <bndbox>
      <xmin>282</xmin>
      <ymin>99</ymin>
      <xmax>315</xmax>
      <ymax>189</ymax>
    </bndbox>
  </object>
  <object>
    <name>pedestrian</name>
    <bndbox>
      <xmin>782</xmin>
      <ymin>267</ymin>
      <xmax>832</xmax>
      <ymax>403</ymax>
    </bndbox>
  </object>
  <object>
    <name>pedestrian</name>
    <bndbox>
      <xmin>870</xmin>
      <ymin>264</ymin>
      <xmax>927</xmax>
      <ymax>401</ymax>
    </bndbox>
  </object>
  <object>
    <name>pedestrian</name>
    <bndbox>
      <xmin>776</xmin>
      <ymin>169</ymin>
      <xmax>817</xmax>
      <ymax>279</ymax>
    </bndbox>
  </object>
  <object>
    <name>pedestrian</name>
    <bndbox>
      <xmin>356</xmin>
      <ymin>53</ymin>
      <xmax>385</xmax>
      <ymax>130</ymax>
    </bndbox>
  </object>
  <object>
    <name>pedestrian</name>
    <bndbox>
      <xmin>837</xmin>
      <ymin>170</ymin>
      <xmax>882</xmax>
      <ymax>281</ymax>
    </bndbox>
  </object>
  <object>
    <name>pedestrian</name>
    <bndbox>
      <xmin>415</xmin>
      <ymin>36</ymin>
      <xmax>442</xmax>
      <ymax>110</ymax>
    </bndbox>
  </object>
  <object>
    <name>pedestrian</name>
    <bndbox>
      <xmin>218</xmin>
      <ymin>179</ymin>
      <xmax>260</xmax>
      <ymax>290</ymax>
    </bndbox>
  </object>
  <object>
    <name>pedestrian</name>
    <bndbox>
      <xmin>821</xmin>
      <ymin>45</ymin>
      <xmax>855</xmax>
      <ymax>125</ymax>
    </bndbox>
  </object>
  <object>
    <name>pedestrian</name>
    <bndbox>
      <xmin>155</xmin>
      <ymin>179</ymin>
      <xmax>200</xmax>
      <ymax>288</ymax>
    </bndbox>
  </object>
  <object>
    <name>pedestrian</name>
    <bndbox>
      <xmin>103</xmin>
      <ymin>172</ymin>
      <xmax>150</xmax>
      <ymax>280</ymax>
    </bndbox>
  </object>
  <object>
    <name>pedestrian</name>
    <bndbox>
      <xmin>635</xmin>
      <ymin>371</ymin>
      <xmax>690</xmax>
      <ymax>532</ymax>
    </bndbox>
  </object>
  <object>
    <name>pedestrian</name>
    <bndbox>
      <xmin>57</xmin>
      <ymin>166</ymin>
      <xmax>107</xmax>
      <ymax>273</ymax>
    </bndbox>
  </object>
  <object>
    <name>pedestrian</name>
    <bndbox>
      <xmin>906</xmin>
      <ymin>67</ymin>
      <xmax>949</xmax>
      <ymax>156</ymax>
    </bndbox>
  </object>
</annotation>
