<annotation>
  <filename>1235.jpg</filename>
  <size>
    <width>960</width>
    <height>540</height>
    <depth>3</depth>
  </size>
  <object>
    <name>pedestrian</name>
    <bndbox>
      <xmin>873</xmin>
      <ymin>65</ymin>
      <xmax>913</xmax>
      <ymax>151</ymax>
    </bndbox>
  </object>
  <object>
    <name>pedestrian</name>
    <bndbox>
      <xmin>198</xmin>
      <ymin>157</ymin>
      <xmax>240</xmax>
      <ymax>261</ymax>
    </bndbox>
  </object>
  <object>
    <name>pedestrian</name>
    <bndbox>
      <xmin>528</xmin>
      <ymin>-1</ymin>
      <xmax>551</xmax>
      <ymax>62</ymax>
    </bndbox>
  </object>
  <object>
    <name>pedestrian</name>
    <bndbox>
      <xmin>219</xmin>
      <ymin>85</ymin>
      <xmax>253</xmax>
      <ymax>170</ymax>
    </bndbox>
  </object>
  <object>
    <name>pedestrian</name>
    <bndbox>
      <xmin>804</xmin>
      <ymin>223</ymin>
      <xmax>851</xmax>
      <ymax>347</ymax>
    </bndbox>
  </object>
  <object>
    <name>pedestrian</name>
    <bndbox>
      <xmin>848</xmin>
      <ymin>232</ymin>
      <xmax>900</xmax>
      <ymax>359</ymax>
    </bndbox>
  </object>
  <object>
    <name>pedestrian</name>
    <bndbox>
      <xmin>288</xmin>
      <ymin>98</ymin>
      <xmax>321</xmax>
      <ymax>187</ymax>
    </bndbox>
  </object>
  <object>
    <name>pedestrian</name>
    <bndbox>
      <xmin>784</xmin>
      <ymin>262</ymin>
      <xmax>834</xmax>
      <ymax>397</ymax>
    </bndbox>
  </object>
  <object>
    <name>pedestrian</name>
    <bndbox>
      <xmin>872</xmin>
      <ymin>260</ymin>
      <xmax>928</xmax>
      <ymax>396</ymax>
    </bndbox>
  </object>
  <object>
    <name>pedestrian</name>
    <bndbox>
      <xmin>774</xmin>
      <ymin>171</ymin>
      <xmax>815</xmax>
      <ymax>282</ymax>
    </bndbox>
  </object>
  <object>
    <name>pedestrian</name>
    <bndbox>
      <xmin>353</xmin>
      <ymin>55</ymin>
      <xmax>382</xmax>
      <ymax>133</ymax>
    </bndbox>
  </object>
  <object>
    <name>pedestrian</name>
    <bndbox>
      <xmin>834</xmin>
      <ymin>172</ymin>
      <xmax>879</xmax>
      <ymax>283</ymax>
    </bndbox>
  </object>
  <object>
    <name>pedestrian</name>
    <bndbox>
      <xmin>411</xmin>
      <ymin>37</ymin>
      <xmax>438</xmax>
      <ymax>111</ymax>
    </bndbox>
  </object>
  <object>
    <name>pedestrian</name>
    <bndbox>
      <xmin>223</xmin>
      <ymin>175</ymin>
      <xmax>265</xmax>
      <ymax>285</ymax>
    </bndbox>
  </object>
  <object>
    <name>pedestrian</name>
    <bndbox>
      <xmin>822</xmin>
      <ymin>46</ymin>
      <xmax>855</xmax>
      <ymax>126</ymax>
    </bndbox>
  </object>
  <object>
    <name>pedestrian</name>
    <bndbox>
      <xmin>162</xmin>
      <ymin>178</ymin>
      <xmax>207</xmax>
      <ymax>288</ymax>
    </bndbox>
  </object>
  <object>
    <name>pedestrian</name>
    <bndbox>
      <xmin>108</xmin>
      <ymin>171</ymin>
      <xmax>155</xmax>
      <ymax>279</ymax>
    </bndbox>
  </object>
  <object>
    <name>pedestrian</name>
    <bndbox>
      <xmin>623</xmin>
      <ymin>372</ymin>
      <xmax>677</xmax>
      <ymax>533</ymax>
    </bndbox>
  </object>
  <object>
    <name>pedestrian</name>
    <bndbox>
      <xmin>63</xmin>
      <ymin>163</ymin>
      <xmax>112</xmax>
      <ymax>268</ymax>
    </bndbox>
  </object>
  <object>
    <name>pedestrian</name>
    <bndbox>
      <xmin>904</xmin>
      <ymin>68</ymin>
      <xmax>947</xmax>
      <ymax>157</ymax>
    </bndbox>
  </object>
</annotation>
