<annotation>
  <filename>124.jpg</filename>
  <size>
    <width>960</width>
    <height>540</height>
    <depth>3</depth>
  </size>
  <object>
    <name>pedestrian</name>
    <bndbox>
      <xmin>339</xmin>
      <ymin>44</ymin>
      <xmax>367</xmax>
      <ymax>119</ymax>
    </bndbox>
  </object>
  <object>
    <name>pedestrian</name>
    <bndbox>
      <xmin>537</xmin>
      <ymin>40</ymin>
      <xmax>562</xmax>
      <ymax>114</ymax>
    </bndbox>
  </object>
  <object>
    <name>pedestrian</name>
    <bndbox>
      <xmin>564</xmin>
      <ymin>46</ymin>
      <xmax>589</xmax>
      <ymax>122</ymax>
    </bndbox>
  </object>
  <object>
    <name>pedestrian</name>
    <bndbox>
      <xmin>120</xmin>
      <ymin>417</ymin>
      <xmax>190</xmax>
      <ymax>592</ymax>
    </bndbox>
  </object>
  <object>
    <name>pedestrian</name>
    <bndbox>
      <xmin>551</xmin>
      <ymin>257</ymin>
      <xmax>593</xmax>
      <ymax>391</ymax>
    </bndbox>
  </object>
  <object>
    <name>pedestrian</name>
    <bndbox>
      <xmin>836</xmin>
      <ymin>3</ymin>
      <xmax>868</xmax>
      <ymax>73</ymax>
    </bndbox>
  </object>
  <object>
    <name>pedestrian</name>
    <bndbox>
      <xmin>564</xmin>
      <ymin>-3</ymin>
      <xmax>586</xmax>
      <ymax>60</ymax>
    </bndbox>
  </object>
  <object>
    <name>pedestrian</name>
    <bndbox>
      <xmin>473</xmin>
      <ymin>25</ymin>
      <xmax>498</xmax>
      <ymax>95</ymax>
    </bndbox>
  </object>
  <object>
    <name>pedestrian</name>
    <bndbox>
      <xmin>837</xmin>
      <ymin>279</ymin>
      <xmax>892</xmax>
      <ymax>419</ymax>
    </bndbox>
  </object>
  <object>
    <name>pedestrian</name>
    <bndbox>
      <xmin>-13</xmin>
      <ymin>259</ymin>
      <xmax>53</xmax>
      <ymax>391</ymax>
    </bndbox>
  </object>
</annotation>
