<annotation>
  <filename>1242.jpg</filename>
  <size>
    <width>960</width>
    <height>540</height>
    <depth>3</depth>
  </size>
  <object>
    <name>pedestrian</name>
    <bndbox>
      <xmin>878</xmin>
      <ymin>65</ymin>
      <xmax>918</xmax>
      <ymax>151</ymax>
    </bndbox>
  </object>
  <object>
    <name>pedestrian</name>
    <bndbox>
      <xmin>199</xmin>
      <ymin>158</ymin>
      <xmax>240</xmax>
      <ymax>262</ymax>
    </bndbox>
  </object>
  <object>
    <name>pedestrian</name>
    <bndbox>
      <xmin>536</xmin>
      <ymin>-4</ymin>
      <xmax>558</xmax>
      <ymax>58</ymax>
    </bndbox>
  </object>
  <object>
    <name>pedestrian</name>
    <bndbox>
      <xmin>208</xmin>
      <ymin>88</ymin>
      <xmax>242</xmax>
      <ymax>173</ymax>
    </bndbox>
  </object>
  <object>
    <name>pedestrian</name>
    <bndbox>
      <xmin>811</xmin>
      <ymin>217</ymin>
      <xmax>859</xmax>
      <ymax>341</ymax>
    </bndbox>
  </object>
  <object>
    <name>pedestrian</name>
    <bndbox>
      <xmin>856</xmin>
      <ymin>225</ymin>
      <xmax>907</xmax>
      <ymax>351</ymax>
    </bndbox>
  </object>
  <object>
    <name>pedestrian</name>
    <bndbox>
      <xmin>296</xmin>
      <ymin>94</ymin>
      <xmax>329</xmax>
      <ymax>182</ymax>
    </bndbox>
  </object>
  <object>
    <name>pedestrian</name>
    <bndbox>
      <xmin>793</xmin>
      <ymin>258</ymin>
      <xmax>843</xmax>
      <ymax>392</ymax>
    </bndbox>
  </object>
  <object>
    <name>pedestrian</name>
    <bndbox>
      <xmin>878</xmin>
      <ymin>252</ymin>
      <xmax>934</xmax>
      <ymax>387</ymax>
    </bndbox>
  </object>
  <object>
    <name>pedestrian</name>
    <bndbox>
      <xmin>770</xmin>
      <ymin>176</ymin>
      <xmax>811</xmax>
      <ymax>289</ymax>
    </bndbox>
  </object>
  <object>
    <name>pedestrian</name>
    <bndbox>
      <xmin>343</xmin>
      <ymin>59</ymin>
      <xmax>372</xmax>
      <ymax>138</ymax>
    </bndbox>
  </object>
  <object>
    <name>pedestrian</name>
    <bndbox>
      <xmin>828</xmin>
      <ymin>176</ymin>
      <xmax>873</xmax>
      <ymax>289</ymax>
    </bndbox>
  </object>
  <object>
    <name>pedestrian</name>
    <bndbox>
      <xmin>402</xmin>
      <ymin>42</ymin>
      <xmax>429</xmax>
      <ymax>116</ymax>
    </bndbox>
  </object>
  <object>
    <name>pedestrian</name>
    <bndbox>
      <xmin>234</xmin>
      <ymin>171</ymin>
      <xmax>276</xmax>
      <ymax>280</ymax>
    </bndbox>
  </object>
  <object>
    <name>pedestrian</name>
    <bndbox>
      <xmin>820</xmin>
      <ymin>47</ymin>
      <xmax>854</xmax>
      <ymax>127</ymax>
    </bndbox>
  </object>
  <object>
    <name>pedestrian</name>
    <bndbox>
      <xmin>178</xmin>
      <ymin>173</ymin>
      <xmax>221</xmax>
      <ymax>281</ymax>
    </bndbox>
  </object>
  <object>
    <name>pedestrian</name>
    <bndbox>
      <xmin>122</xmin>
      <ymin>164</ymin>
      <xmax>167</xmax>
      <ymax>270</ymax>
    </bndbox>
  </object>
  <object>
    <name>pedestrian</name>
    <bndbox>
      <xmin>592</xmin>
      <ymin>377</ymin>
      <xmax>645</xmax>
      <ymax>539</ymax>
    </bndbox>
  </object>
  <object>
    <name>pedestrian</name>
    <bndbox>
      <xmin>72</xmin>
      <ymin>158</ymin>
      <xmax>120</xmax>
      <ymax>262</ymax>
    </bndbox>
  </object>
  <object>
    <name>pedestrian</name>
    <bndbox>
      <xmin>899</xmin>
      <ymin>74</ymin>
      <xmax>942</xmax>
      <ymax>164</ymax>
    </bndbox>
  </object>
</annotation>
