<annotation>
  <filename>1250.jpg</filename>
  <size>
    <width>960</width>
    <height>540</height>
    <depth>3</depth>
  </size>
  <object>
    <name>pedestrian</name>
    <bndbox>
      <xmin>879</xmin>
      <ymin>64</ymin>
      <xmax>919</xmax>
      <ymax>151</ymax>
    </bndbox>
  </object>
  <object>
    <name>pedestrian</name>
    <bndbox>
      <xmin>199</xmin>
      <ymin>159</ymin>
      <xmax>241</xmax>
      <ymax>264</ymax>
    </bndbox>
  </object>
  <object>
    <name>pedestrian</name>
    <bndbox>
      <xmin>196</xmin>
      <ymin>94</ymin>
      <xmax>231</xmax>
      <ymax>182</ymax>
    </bndbox>
  </object>
  <object>
    <name>pedestrian</name>
    <bndbox>
      <xmin>825</xmin>
      <ymin>210</ymin>
      <xmax>872</xmax>
      <ymax>332</ymax>
    </bndbox>
  </object>
  <object>
    <name>pedestrian</name>
    <bndbox>
      <xmin>860</xmin>
      <ymin>217</ymin>
      <xmax>911</xmax>
      <ymax>341</ymax>
    </bndbox>
  </object>
  <object>
    <name>pedestrian</name>
    <bndbox>
      <xmin>304</xmin>
      <ymin>88</ymin>
      <xmax>337</xmax>
      <ymax>175</ymax>
    </bndbox>
  </object>
  <object>
    <name>pedestrian</name>
    <bndbox>
      <xmin>802</xmin>
      <ymin>249</ymin>
      <xmax>851</xmax>
      <ymax>381</ymax>
    </bndbox>
  </object>
  <object>
    <name>pedestrian</name>
    <bndbox>
      <xmin>886</xmin>
      <ymin>244</ymin>
      <xmax>943</xmax>
      <ymax>376</ymax>
    </bndbox>
  </object>
  <object>
    <name>pedestrian</name>
    <bndbox>
      <xmin>764</xmin>
      <ymin>184</ymin>
      <xmax>806</xmax>
      <ymax>298</ymax>
    </bndbox>
  </object>
  <object>
    <name>pedestrian</name>
    <bndbox>
      <xmin>332</xmin>
      <ymin>64</ymin>
      <xmax>362</xmax>
      <ymax>144</ymax>
    </bndbox>
  </object>
  <object>
    <name>pedestrian</name>
    <bndbox>
      <xmin>817</xmin>
      <ymin>182</ymin>
      <xmax>862</xmax>
      <ymax>296</ymax>
    </bndbox>
  </object>
  <object>
    <name>pedestrian</name>
    <bndbox>
      <xmin>392</xmin>
      <ymin>45</ymin>
      <xmax>419</xmax>
      <ymax>120</ymax>
    </bndbox>
  </object>
  <object>
    <name>pedestrian</name>
    <bndbox>
      <xmin>248</xmin>
      <ymin>162</ymin>
      <xmax>288</xmax>
      <ymax>269</ymax>
    </bndbox>
  </object>
  <object>
    <name>pedestrian</name>
    <bndbox>
      <xmin>817</xmin>
      <ymin>53</ymin>
      <xmax>851</xmax>
      <ymax>134</ymax>
    </bndbox>
  </object>
  <object>
    <name>pedestrian</name>
    <bndbox>
      <xmin>190</xmin>
      <ymin>168</ymin>
      <xmax>233</xmax>
      <ymax>275</ymax>
    </bndbox>
  </object>
  <object>
    <name>pedestrian</name>
    <bndbox>
      <xmin>131</xmin>
      <ymin>159</ymin>
      <xmax>176</xmax>
      <ymax>264</ymax>
    </bndbox>
  </object>
  <object>
    <name>pedestrian</name>
    <bndbox>
      <xmin>560</xmin>
      <ymin>378</ymin>
      <xmax>612</xmax>
      <ymax>541</ymax>
    </bndbox>
  </object>
  <object>
    <name>pedestrian</name>
    <bndbox>
      <xmin>82</xmin>
      <ymin>150</ymin>
      <xmax>128</xmax>
      <ymax>252</ymax>
    </bndbox>
  </object>
  <object>
    <name>pedestrian</name>
    <bndbox>
      <xmin>892</xmin>
      <ymin>77</ymin>
      <xmax>935</xmax>
      <ymax>167</ymax>
    </bndbox>
  </object>
</annotation>
