<annotation>
  <filename>126.jpg</filename>
  <size>
    <width>960</width>
    <height>540</height>
    <depth>3</depth>
  </size>
  <object>
    <name>pedestrian</name>
    <bndbox>
      <xmin>341</xmin>
      <ymin>42</ymin>
      <xmax>369</xmax>
      <ymax>116</ymax>
    </bndbox>
  </object>
  <object>
    <name>pedestrian</name>
    <bndbox>
      <xmin>539</xmin>
      <ymin>38</ymin>
      <xmax>565</xmax>
      <ymax>112</ymax>
    </bndbox>
  </object>
  <object>
    <name>pedestrian</name>
    <bndbox>
      <xmin>565</xmin>
      <ymin>45</ymin>
      <xmax>591</xmax>
      <ymax>121</ymax>
    </bndbox>
  </object>
  <object>
    <name>pedestrian</name>
    <bndbox>
      <xmin>113</xmin>
      <ymin>419</ymin>
      <xmax>184</xmax>
      <ymax>595</ymax>
    </bndbox>
  </object>
  <object>
    <name>pedestrian</name>
    <bndbox>
      <xmin>553</xmin>
      <ymin>254</ymin>
      <xmax>595</xmax>
      <ymax>387</ymax>
    </bndbox>
  </object>
  <object>
    <name>pedestrian</name>
    <bndbox>
      <xmin>837</xmin>
      <ymin>2</ymin>
      <xmax>868</xmax>
      <ymax>71</ymax>
    </bndbox>
  </object>
  <object>
    <name>pedestrian</name>
    <bndbox>
      <xmin>566</xmin>
      <ymin>-3</ymin>
      <xmax>588</xmax>
      <ymax>59</ymax>
    </bndbox>
  </object>
  <object>
    <name>pedestrian</name>
    <bndbox>
      <xmin>471</xmin>
      <ymin>25</ymin>
      <xmax>496</xmax>
      <ymax>95</ymax>
    </bndbox>
  </object>
  <object>
    <name>pedestrian</name>
    <bndbox>
      <xmin>837</xmin>
      <ymin>283</ymin>
      <xmax>892</xmax>
      <ymax>425</ymax>
    </bndbox>
  </object>
  <object>
    <name>pedestrian</name>
    <bndbox>
      <xmin>-7</xmin>
      <ymin>258</ymin>
      <xmax>58</xmax>
      <ymax>390</ymax>
    </bndbox>
  </object>
</annotation>
