<annotation>
  <filename>1262.jpg</filename>
  <size>
    <width>960</width>
    <height>540</height>
    <depth>3</depth>
  </size>
  <object>
    <name>pedestrian</name>
    <bndbox>
      <xmin>880</xmin>
      <ymin>63</ymin>
      <xmax>920</xmax>
      <ymax>150</ymax>
    </bndbox>
  </object>
  <object>
    <name>pedestrian</name>
    <bndbox>
      <xmin>176</xmin>
      <ymin>100</ymin>
      <xmax>212</xmax>
      <ymax>189</ymax>
    </bndbox>
  </object>
  <object>
    <name>pedestrian</name>
    <bndbox>
      <xmin>833</xmin>
      <ymin>202</ymin>
      <xmax>881</xmax>
      <ymax>322</ymax>
    </bndbox>
  </object>
  <object>
    <name>pedestrian</name>
    <bndbox>
      <xmin>872</xmin>
      <ymin>208</ymin>
      <xmax>923</xmax>
      <ymax>330</ymax>
    </bndbox>
  </object>
  <object>
    <name>pedestrian</name>
    <bndbox>
      <xmin>324</xmin>
      <ymin>83</ymin>
      <xmax>355</xmax>
      <ymax>169</ymax>
    </bndbox>
  </object>
  <object>
    <name>pedestrian</name>
    <bndbox>
      <xmin>810</xmin>
      <ymin>238</ymin>
      <xmax>859</xmax>
      <ymax>367</ymax>
    </bndbox>
  </object>
  <object>
    <name>pedestrian</name>
    <bndbox>
      <xmin>891</xmin>
      <ymin>232</ymin>
      <xmax>947</xmax>
      <ymax>361</ymax>
    </bndbox>
  </object>
  <object>
    <name>pedestrian</name>
    <bndbox>
      <xmin>761</xmin>
      <ymin>197</ymin>
      <xmax>804</xmax>
      <ymax>315</ymax>
    </bndbox>
  </object>
  <object>
    <name>pedestrian</name>
    <bndbox>
      <xmin>318</xmin>
      <ymin>70</ymin>
      <xmax>348</xmax>
      <ymax>152</ymax>
    </bndbox>
  </object>
  <object>
    <name>pedestrian</name>
    <bndbox>
      <xmin>806</xmin>
      <ymin>190</ymin>
      <xmax>850</xmax>
      <ymax>306</ymax>
    </bndbox>
  </object>
  <object>
    <name>pedestrian</name>
    <bndbox>
      <xmin>373</xmin>
      <ymin>50</ymin>
      <xmax>401</xmax>
      <ymax>126</ymax>
    </bndbox>
  </object>
  <object>
    <name>pedestrian</name>
    <bndbox>
      <xmin>274</xmin>
      <ymin>153</ymin>
      <xmax>313</xmax>
      <ymax>257</ymax>
    </bndbox>
  </object>
  <object>
    <name>pedestrian</name>
    <bndbox>
      <xmin>820</xmin>
      <ymin>60</ymin>
      <xmax>854</xmax>
      <ymax>143</ymax>
    </bndbox>
  </object>
  <object>
    <name>pedestrian</name>
    <bndbox>
      <xmin>213</xmin>
      <ymin>158</ymin>
      <xmax>254</xmax>
      <ymax>263</ymax>
    </bndbox>
  </object>
  <object>
    <name>pedestrian</name>
    <bndbox>
      <xmin>147</xmin>
      <ymin>150</ymin>
      <xmax>190</xmax>
      <ymax>252</ymax>
    </bndbox>
  </object>
  <object>
    <name>pedestrian</name>
    <bndbox>
      <xmin>507</xmin>
      <ymin>389</ymin>
      <xmax>559</xmax>
      <ymax>553</ymax>
    </bndbox>
  </object>
  <object>
    <name>pedestrian</name>
    <bndbox>
      <xmin>113</xmin>
      <ymin>144</ymin>
      <xmax>156</xmax>
      <ymax>245</ymax>
    </bndbox>
  </object>
  <object>
    <name>pedestrian</name>
    <bndbox>
      <xmin>878</xmin>
      <ymin>84</ymin>
      <xmax>919</xmax>
      <ymax>175</ymax>
    </bndbox>
  </object>
  <object>
    <name>pedestrian</name>
    <bndbox>
      <xmin>907</xmin>
      <ymin>90</ymin>
      <xmax>952</xmax>
      <ymax>184</ymax>
    </bndbox>
  </object>
  <object>
    <name>pedestrian</name>
    <bndbox>
      <xmin>6</xmin>
      <ymin>209</ymin>
      <xmax>65</xmax>
      <ymax>328</ymax>
    </bndbox>
  </object>
  <object>
    <name>pedestrian</name>
    <bndbox>
      <xmin>2</xmin>
      <ymin>423</ymin>
      <xmax>81</xmax>
      <ymax>608</ymax>
    </bndbox>
  </object>
  <object>
    <name>pedestrian</name>
    <bndbox>
      <xmin>200</xmin>
      <ymin>159</ymin>
      <xmax>242</xmax>
      <ymax>264</ymax>
    </bndbox>
  </object>
</annotation>
