<annotation>
  <filename>1276.jpg</filename>
  <size>
    <width>960</width>
    <height>540</height>
    <depth>3</depth>
  </size>
  <object>
    <name>pedestrian</name>
    <bndbox>
      <xmin>883</xmin>
      <ymin>60</ymin>
      <xmax>923</xmax>
      <ymax>146</ymax>
    </bndbox>
  </object>
  <object>
    <name>pedestrian</name>
    <bndbox>
      <xmin>150</xmin>
      <ymin>108</ymin>
      <xmax>189</xmax>
      <ymax>199</ymax>
    </bndbox>
  </object>
  <object>
    <name>pedestrian</name>
    <bndbox>
      <xmin>850</xmin>
      <ymin>192</ymin>
      <xmax>898</xmax>
      <ymax>309</ymax>
    </bndbox>
  </object>
  <object>
    <name>pedestrian</name>
    <bndbox>
      <xmin>877</xmin>
      <ymin>196</ymin>
      <xmax>928</xmax>
      <ymax>315</ymax>
    </bndbox>
  </object>
  <object>
    <name>pedestrian</name>
    <bndbox>
      <xmin>341</xmin>
      <ymin>77</ymin>
      <xmax>372</xmax>
      <ymax>161</ymax>
    </bndbox>
  </object>
  <object>
    <name>pedestrian</name>
    <bndbox>
      <xmin>829</xmin>
      <ymin>228</ymin>
      <xmax>878</xmax>
      <ymax>354</ymax>
    </bndbox>
  </object>
  <object>
    <name>pedestrian</name>
    <bndbox>
      <xmin>756</xmin>
      <ymin>214</ymin>
      <xmax>800</xmax>
      <ymax>337</ymax>
    </bndbox>
  </object>
  <object>
    <name>pedestrian</name>
    <bndbox>
      <xmin>296</xmin>
      <ymin>76</ymin>
      <xmax>328</xmax>
      <ymax>159</ymax>
    </bndbox>
  </object>
  <object>
    <name>pedestrian</name>
    <bndbox>
      <xmin>792</xmin>
      <ymin>200</ymin>
      <xmax>836</xmax>
      <ymax>318</ymax>
    </bndbox>
  </object>
  <object>
    <name>pedestrian</name>
    <bndbox>
      <xmin>353</xmin>
      <ymin>56</ymin>
      <xmax>382</xmax>
      <ymax>134</ymax>
    </bndbox>
  </object>
  <object>
    <name>pedestrian</name>
    <bndbox>
      <xmin>297</xmin>
      <ymin>143</ymin>
      <xmax>334</xmax>
      <ymax>245</ymax>
    </bndbox>
  </object>
  <object>
    <name>pedestrian</name>
    <bndbox>
      <xmin>823</xmin>
      <ymin>68</ymin>
      <xmax>858</xmax>
      <ymax>153</ymax>
    </bndbox>
  </object>
  <object>
    <name>pedestrian</name>
    <bndbox>
      <xmin>242</xmin>
      <ymin>147</ymin>
      <xmax>281</xmax>
      <ymax>250</ymax>
    </bndbox>
  </object>
  <object>
    <name>pedestrian</name>
    <bndbox>
      <xmin>168</xmin>
      <ymin>142</ymin>
      <xmax>209</xmax>
      <ymax>242</ymax>
    </bndbox>
  </object>
  <object>
    <name>pedestrian</name>
    <bndbox>
      <xmin>441</xmin>
      <ymin>396</ymin>
      <xmax>496</xmax>
      <ymax>562</ymax>
    </bndbox>
  </object>
  <object>
    <name>pedestrian</name>
    <bndbox>
      <xmin>136</xmin>
      <ymin>132</ymin>
      <xmax>177</xmax>
      <ymax>230</ymax>
    </bndbox>
  </object>
  <object>
    <name>pedestrian</name>
    <bndbox>
      <xmin>868</xmin>
      <ymin>95</ymin>
      <xmax>909</xmax>
      <ymax>188</ymax>
    </bndbox>
  </object>
  <object>
    <name>pedestrian</name>
    <bndbox>
      <xmin>898</xmin>
      <ymin>100</ymin>
      <xmax>943</xmax>
      <ymax>196</ymax>
    </bndbox>
  </object>
  <object>
    <name>pedestrian</name>
    <bndbox>
      <xmin>46</xmin>
      <ymin>186</ymin>
      <xmax>99</xmax>
      <ymax>298</ymax>
    </bndbox>
  </object>
  <object>
    <name>pedestrian</name>
    <bndbox>
      <xmin>69</xmin>
      <ymin>382</ymin>
      <xmax>139</xmax>
      <ymax>548</ymax>
    </bndbox>
  </object>
  <object>
    <name>pedestrian</name>
    <bndbox>
      <xmin>201</xmin>
      <ymin>156</ymin>
      <xmax>242</xmax>
      <ymax>260</ymax>
    </bndbox>
  </object>
  <object>
    <name>pedestrian</name>
    <bndbox>
      <xmin>909</xmin>
      <ymin>82</ymin>
      <xmax>954</xmax>
      <ymax>174</ymax>
    </bndbox>
  </object>
</annotation>
