<annotation>
  <filename>1283.jpg</filename>
  <size>
    <width>960</width>
    <height>540</height>
    <depth>3</depth>
  </size>
  <object>
    <name>pedestrian</name>
    <bndbox>
      <xmin>884</xmin>
      <ymin>60</ymin>
      <xmax>924</xmax>
      <ymax>146</ymax>
    </bndbox>
  </object>
  <object>
    <name>pedestrian</name>
    <bndbox>
      <xmin>137</xmin>
      <ymin>111</ymin>
      <xmax>177</xmax>
      <ymax>203</ymax>
    </bndbox>
  </object>
  <object>
    <name>pedestrian</name>
    <bndbox>
      <xmin>856</xmin>
      <ymin>184</ymin>
      <xmax>904</xmax>
      <ymax>300</ymax>
    </bndbox>
  </object>
  <object>
    <name>pedestrian</name>
    <bndbox>
      <xmin>881</xmin>
      <ymin>192</ymin>
      <xmax>932</xmax>
      <ymax>311</ymax>
    </bndbox>
  </object>
  <object>
    <name>pedestrian</name>
    <bndbox>
      <xmin>352</xmin>
      <ymin>74</ymin>
      <xmax>383</xmax>
      <ymax>157</ymax>
    </bndbox>
  </object>
  <object>
    <name>pedestrian</name>
    <bndbox>
      <xmin>831</xmin>
      <ymin>225</ymin>
      <xmax>881</xmax>
      <ymax>351</ymax>
    </bndbox>
  </object>
  <object>
    <name>pedestrian</name>
    <bndbox>
      <xmin>756</xmin>
      <ymin>222</ymin>
      <xmax>801</xmax>
      <ymax>346</ymax>
    </bndbox>
  </object>
  <object>
    <name>pedestrian</name>
    <bndbox>
      <xmin>285</xmin>
      <ymin>81</ymin>
      <xmax>317</xmax>
      <ymax>165</ymax>
    </bndbox>
  </object>
  <object>
    <name>pedestrian</name>
    <bndbox>
      <xmin>788</xmin>
      <ymin>203</ymin>
      <xmax>833</xmax>
      <ymax>323</ymax>
    </bndbox>
  </object>
  <object>
    <name>pedestrian</name>
    <bndbox>
      <xmin>342</xmin>
      <ymin>58</ymin>
      <xmax>371</xmax>
      <ymax>136</ymax>
    </bndbox>
  </object>
  <object>
    <name>pedestrian</name>
    <bndbox>
      <xmin>312</xmin>
      <ymin>139</ymin>
      <xmax>349</xmax>
      <ymax>241</ymax>
    </bndbox>
  </object>
  <object>
    <name>pedestrian</name>
    <bndbox>
      <xmin>823</xmin>
      <ymin>70</ymin>
      <xmax>858</xmax>
      <ymax>155</ymax>
    </bndbox>
  </object>
  <object>
    <name>pedestrian</name>
    <bndbox>
      <xmin>255</xmin>
      <ymin>143</ymin>
      <xmax>293</xmax>
      <ymax>244</ymax>
    </bndbox>
  </object>
  <object>
    <name>pedestrian</name>
    <bndbox>
      <xmin>178</xmin>
      <ymin>137</ymin>
      <xmax>219</xmax>
      <ymax>237</ymax>
    </bndbox>
  </object>
  <object>
    <name>pedestrian</name>
    <bndbox>
      <xmin>407</xmin>
      <ymin>405</ymin>
      <xmax>464</xmax>
      <ymax>572</ymax>
    </bndbox>
  </object>
  <object>
    <name>pedestrian</name>
    <bndbox>
      <xmin>151</xmin>
      <ymin>131</ymin>
      <xmax>191</xmax>
      <ymax>228</ymax>
    </bndbox>
  </object>
  <object>
    <name>pedestrian</name>
    <bndbox>
      <xmin>859</xmin>
      <ymin>100</ymin>
      <xmax>900</xmax>
      <ymax>195</ymax>
    </bndbox>
  </object>
  <object>
    <name>pedestrian</name>
    <bndbox>
      <xmin>892</xmin>
      <ymin>106</ymin>
      <xmax>937</xmax>
      <ymax>202</ymax>
    </bndbox>
  </object>
  <object>
    <name>pedestrian</name>
    <bndbox>
      <xmin>68</xmin>
      <ymin>179</ymin>
      <xmax>118</xmax>
      <ymax>289</ymax>
    </bndbox>
  </object>
  <object>
    <name>pedestrian</name>
    <bndbox>
      <xmin>101</xmin>
      <ymin>360</ymin>
      <xmax>168</xmax>
      <ymax>518</ymax>
    </bndbox>
  </object>
  <object>
    <name>pedestrian</name>
    <bndbox>
      <xmin>201</xmin>
      <ymin>153</ymin>
      <xmax>242</xmax>
      <ymax>257</ymax>
    </bndbox>
  </object>
  <object>
    <name>pedestrian</name>
    <bndbox>
      <xmin>905</xmin>
      <ymin>84</ymin>
      <xmax>949</xmax>
      <ymax>176</ymax>
    </bndbox>
  </object>
</annotation>
