<annotation>
  <filename>1288.jpg</filename>
  <size>
    <width>960</width>
    <height>540</height>
    <depth>3</depth>
  </size>
  <object>
    <name>pedestrian</name>
    <bndbox>
      <xmin>884</xmin>
      <ymin>60</ymin>
      <xmax>924</xmax>
      <ymax>146</ymax>
    </bndbox>
  </object>
  <object>
    <name>pedestrian</name>
    <bndbox>
      <xmin>127</xmin>
      <ymin>115</ymin>
      <xmax>167</xmax>
      <ymax>208</ymax>
    </bndbox>
  </object>
  <object>
    <name>pedestrian</name>
    <bndbox>
      <xmin>858</xmin>
      <ymin>183</ymin>
      <xmax>905</xmax>
      <ymax>298</ymax>
    </bndbox>
  </object>
  <object>
    <name>pedestrian</name>
    <bndbox>
      <xmin>357</xmin>
      <ymin>71</ymin>
      <xmax>387</xmax>
      <ymax>154</ymax>
    </bndbox>
  </object>
  <object>
    <name>pedestrian</name>
    <bndbox>
      <xmin>831</xmin>
      <ymin>219</ymin>
      <xmax>880</xmax>
      <ymax>344</ymax>
    </bndbox>
  </object>
  <object>
    <name>pedestrian</name>
    <bndbox>
      <xmin>757</xmin>
      <ymin>230</ymin>
      <xmax>803</xmax>
      <ymax>356</ymax>
    </bndbox>
  </object>
  <object>
    <name>pedestrian</name>
    <bndbox>
      <xmin>278</xmin>
      <ymin>83</ymin>
      <xmax>310</xmax>
      <ymax>168</ymax>
    </bndbox>
  </object>
  <object>
    <name>pedestrian</name>
    <bndbox>
      <xmin>786</xmin>
      <ymin>207</ymin>
      <xmax>831</xmax>
      <ymax>328</ymax>
    </bndbox>
  </object>
  <object>
    <name>pedestrian</name>
    <bndbox>
      <xmin>335</xmin>
      <ymin>62</ymin>
      <xmax>365</xmax>
      <ymax>142</ymax>
    </bndbox>
  </object>
  <object>
    <name>pedestrian</name>
    <bndbox>
      <xmin>319</xmin>
      <ymin>135</ymin>
      <xmax>356</xmax>
      <ymax>235</ymax>
    </bndbox>
  </object>
  <object>
    <name>pedestrian</name>
    <bndbox>
      <xmin>825</xmin>
      <ymin>72</ymin>
      <xmax>860</xmax>
      <ymax>159</ymax>
    </bndbox>
  </object>
  <object>
    <name>pedestrian</name>
    <bndbox>
      <xmin>265</xmin>
      <ymin>139</ymin>
      <xmax>303</xmax>
      <ymax>239</ymax>
    </bndbox>
  </object>
  <object>
    <name>pedestrian</name>
    <bndbox>
      <xmin>190</xmin>
      <ymin>135</ymin>
      <xmax>229</xmax>
      <ymax>234</ymax>
    </bndbox>
  </object>
  <object>
    <name>pedestrian</name>
    <bndbox>
      <xmin>382</xmin>
      <ymin>408</ymin>
      <xmax>441</xmax>
      <ymax>576</ymax>
    </bndbox>
  </object>
  <object>
    <name>pedestrian</name>
    <bndbox>
      <xmin>162</xmin>
      <ymin>126</ymin>
      <xmax>201</xmax>
      <ymax>222</ymax>
    </bndbox>
  </object>
  <object>
    <name>pedestrian</name>
    <bndbox>
      <xmin>855</xmin>
      <ymin>103</ymin>
      <xmax>896</xmax>
      <ymax>198</ymax>
    </bndbox>
  </object>
  <object>
    <name>pedestrian</name>
    <bndbox>
      <xmin>889</xmin>
      <ymin>108</ymin>
      <xmax>933</xmax>
      <ymax>206</ymax>
    </bndbox>
  </object>
  <object>
    <name>pedestrian</name>
    <bndbox>
      <xmin>82</xmin>
      <ymin>171</ymin>
      <xmax>130</xmax>
      <ymax>279</ymax>
    </bndbox>
  </object>
  <object>
    <name>pedestrian</name>
    <bndbox>
      <xmin>123</xmin>
      <ymin>347</ymin>
      <xmax>187</xmax>
      <ymax>502</ymax>
    </bndbox>
  </object>
  <object>
    <name>pedestrian</name>
    <bndbox>
      <xmin>201</xmin>
      <ymin>151</ymin>
      <xmax>241</xmax>
      <ymax>253</ymax>
    </bndbox>
  </object>
  <object>
    <name>pedestrian</name>
    <bndbox>
      <xmin>904</xmin>
      <ymin>87</ymin>
      <xmax>948</xmax>
      <ymax>181</ymax>
    </bndbox>
  </object>
</annotation>
