<annotation>
  <filename>129.jpg</filename>
  <size>
    <width>960</width>
    <height>540</height>
    <depth>3</depth>
  </size>
  <object>
    <name>pedestrian</name>
    <bndbox>
      <xmin>345</xmin>
      <ymin>41</ymin>
      <xmax>372</xmax>
      <ymax>114</ymax>
    </bndbox>
  </object>
  <object>
    <name>pedestrian</name>
    <bndbox>
      <xmin>542</xmin>
      <ymin>35</ymin>
      <xmax>567</xmax>
      <ymax>108</ymax>
    </bndbox>
  </object>
  <object>
    <name>pedestrian</name>
    <bndbox>
      <xmin>569</xmin>
      <ymin>42</ymin>
      <xmax>594</xmax>
      <ymax>117</ymax>
    </bndbox>
  </object>
  <object>
    <name>pedestrian</name>
    <bndbox>
      <xmin>102</xmin>
      <ymin>425</ymin>
      <xmax>174</xmax>
      <ymax>605</ymax>
    </bndbox>
  </object>
  <object>
    <name>pedestrian</name>
    <bndbox>
      <xmin>557</xmin>
      <ymin>251</ymin>
      <xmax>599</xmax>
      <ymax>384</ymax>
    </bndbox>
  </object>
  <object>
    <name>pedestrian</name>
    <bndbox>
      <xmin>838</xmin>
      <ymin>1</ymin>
      <xmax>869</xmax>
      <ymax>71</ymax>
    </bndbox>
  </object>
  <object>
    <name>pedestrian</name>
    <bndbox>
      <xmin>568</xmin>
      <ymin>-4</ymin>
      <xmax>589</xmax>
      <ymax>59</ymax>
    </bndbox>
  </object>
  <object>
    <name>pedestrian</name>
    <bndbox>
      <xmin>469</xmin>
      <ymin>26</ymin>
      <xmax>494</xmax>
      <ymax>96</ymax>
    </bndbox>
  </object>
  <object>
    <name>pedestrian</name>
    <bndbox>
      <xmin>836</xmin>
      <ymin>286</ymin>
      <xmax>891</xmax>
      <ymax>428</ymax>
    </bndbox>
  </object>
  <object>
    <name>pedestrian</name>
    <bndbox>
      <xmin>1</xmin>
      <ymin>254</ymin>
      <xmax>65</xmax>
      <ymax>384</ymax>
    </bndbox>
  </object>
</annotation>
