<annotation>
  <filename>1297.jpg</filename>
  <size>
    <width>960</width>
    <height>540</height>
    <depth>3</depth>
  </size>
  <object>
    <name>pedestrian</name>
    <bndbox>
      <xmin>884</xmin>
      <ymin>60</ymin>
      <xmax>924</xmax>
      <ymax>146</ymax>
    </bndbox>
  </object>
  <object>
    <name>pedestrian</name>
    <bndbox>
      <xmin>110</xmin>
      <ymin>119</ymin>
      <xmax>152</xmax>
      <ymax>213</ymax>
    </bndbox>
  </object>
  <object>
    <name>pedestrian</name>
    <bndbox>
      <xmin>860</xmin>
      <ymin>174</ymin>
      <xmax>907</xmax>
      <ymax>287</ymax>
    </bndbox>
  </object>
  <object>
    <name>pedestrian</name>
    <bndbox>
      <xmin>366</xmin>
      <ymin>67</ymin>
      <xmax>395</xmax>
      <ymax>148</ymax>
    </bndbox>
  </object>
  <object>
    <name>pedestrian</name>
    <bndbox>
      <xmin>842</xmin>
      <ymin>212</ymin>
      <xmax>891</xmax>
      <ymax>334</ymax>
    </bndbox>
  </object>
  <object>
    <name>pedestrian</name>
    <bndbox>
      <xmin>757</xmin>
      <ymin>238</ymin>
      <xmax>803</xmax>
      <ymax>367</ymax>
    </bndbox>
  </object>
  <object>
    <name>pedestrian</name>
    <bndbox>
      <xmin>262</xmin>
      <ymin>89</ymin>
      <xmax>295</xmax>
      <ymax>176</ymax>
    </bndbox>
  </object>
  <object>
    <name>pedestrian</name>
    <bndbox>
      <xmin>779</xmin>
      <ymin>214</ymin>
      <xmax>824</xmax>
      <ymax>336</ymax>
    </bndbox>
  </object>
  <object>
    <name>pedestrian</name>
    <bndbox>
      <xmin>322</xmin>
      <ymin>65</ymin>
      <xmax>351</xmax>
      <ymax>146</ymax>
    </bndbox>
  </object>
  <object>
    <name>pedestrian</name>
    <bndbox>
      <xmin>330</xmin>
      <ymin>130</ymin>
      <xmax>366</xmax>
      <ymax>229</ymax>
    </bndbox>
  </object>
  <object>
    <name>pedestrian</name>
    <bndbox>
      <xmin>829</xmin>
      <ymin>78</ymin>
      <xmax>865</xmax>
      <ymax>166</ymax>
    </bndbox>
  </object>
  <object>
    <name>pedestrian</name>
    <bndbox>
      <xmin>289</xmin>
      <ymin>135</ymin>
      <xmax>326</xmax>
      <ymax>235</ymax>
    </bndbox>
  </object>
  <object>
    <name>pedestrian</name>
    <bndbox>
      <xmin>204</xmin>
      <ymin>131</ymin>
      <xmax>243</xmax>
      <ymax>228</ymax>
    </bndbox>
  </object>
  <object>
    <name>pedestrian</name>
    <bndbox>
      <xmin>337</xmin>
      <ymin>414</ymin>
      <xmax>398</xmax>
      <ymax>583</ymax>
    </bndbox>
  </object>
  <object>
    <name>pedestrian</name>
    <bndbox>
      <xmin>175</xmin>
      <ymin>121</ymin>
      <xmax>213</xmax>
      <ymax>216</ymax>
    </bndbox>
  </object>
  <object>
    <name>pedestrian</name>
    <bndbox>
      <xmin>850</xmin>
      <ymin>110</ymin>
      <xmax>891</xmax>
      <ymax>207</ymax>
    </bndbox>
  </object>
  <object>
    <name>pedestrian</name>
    <bndbox>
      <xmin>882</xmin>
      <ymin>115</ymin>
      <xmax>926</xmax>
      <ymax>213</ymax>
    </bndbox>
  </object>
  <object>
    <name>pedestrian</name>
    <bndbox>
      <xmin>102</xmin>
      <ymin>161</ymin>
      <xmax>148</xmax>
      <ymax>266</ymax>
    </bndbox>
  </object>
  <object>
    <name>pedestrian</name>
    <bndbox>
      <xmin>157</xmin>
      <ymin>327</ymin>
      <xmax>217</xmax>
      <ymax>476</ymax>
    </bndbox>
  </object>
  <object>
    <name>pedestrian</name>
    <bndbox>
      <xmin>207</xmin>
      <ymin>148</ymin>
      <xmax>247</xmax>
      <ymax>251</ymax>
    </bndbox>
  </object>
  <object>
    <name>pedestrian</name>
    <bndbox>
      <xmin>898</xmin>
      <ymin>89</ymin>
      <xmax>942</xmax>
      <ymax>183</ymax>
    </bndbox>
  </object>
</annotation>
