<annotation>
  <filename>1299.jpg</filename>
  <size>
    <width>960</width>
    <height>540</height>
    <depth>3</depth>
  </size>
  <object>
    <name>pedestrian</name>
    <bndbox>
      <xmin>884</xmin>
      <ymin>60</ymin>
      <xmax>924</xmax>
      <ymax>146</ymax>
    </bndbox>
  </object>
  <object>
    <name>pedestrian</name>
    <bndbox>
      <xmin>107</xmin>
      <ymin>121</ymin>
      <xmax>149</xmax>
      <ymax>216</ymax>
    </bndbox>
  </object>
  <object>
    <name>pedestrian</name>
    <bndbox>
      <xmin>861</xmin>
      <ymin>173</ymin>
      <xmax>908</xmax>
      <ymax>286</ymax>
    </bndbox>
  </object>
  <object>
    <name>pedestrian</name>
    <bndbox>
      <xmin>369</xmin>
      <ymin>66</ymin>
      <xmax>398</xmax>
      <ymax>148</ymax>
    </bndbox>
  </object>
  <object>
    <name>pedestrian</name>
    <bndbox>
      <xmin>844</xmin>
      <ymin>210</ymin>
      <xmax>893</xmax>
      <ymax>332</ymax>
    </bndbox>
  </object>
  <object>
    <name>pedestrian</name>
    <bndbox>
      <xmin>756</xmin>
      <ymin>242</ymin>
      <xmax>803</xmax>
      <ymax>371</ymax>
    </bndbox>
  </object>
  <object>
    <name>pedestrian</name>
    <bndbox>
      <xmin>259</xmin>
      <ymin>90</ymin>
      <xmax>292</xmax>
      <ymax>176</ymax>
    </bndbox>
  </object>
  <object>
    <name>pedestrian</name>
    <bndbox>
      <xmin>777</xmin>
      <ymin>215</ymin>
      <xmax>822</xmax>
      <ymax>338</ymax>
    </bndbox>
  </object>
  <object>
    <name>pedestrian</name>
    <bndbox>
      <xmin>318</xmin>
      <ymin>67</ymin>
      <xmax>348</xmax>
      <ymax>148</ymax>
    </bndbox>
  </object>
  <object>
    <name>pedestrian</name>
    <bndbox>
      <xmin>333</xmin>
      <ymin>128</ymin>
      <xmax>368</xmax>
      <ymax>227</ymax>
    </bndbox>
  </object>
  <object>
    <name>pedestrian</name>
    <bndbox>
      <xmin>829</xmin>
      <ymin>78</ymin>
      <xmax>866</xmax>
      <ymax>166</ymax>
    </bndbox>
  </object>
  <object>
    <name>pedestrian</name>
    <bndbox>
      <xmin>293</xmin>
      <ymin>133</ymin>
      <xmax>329</xmax>
      <ymax>232</ymax>
    </bndbox>
  </object>
  <object>
    <name>pedestrian</name>
    <bndbox>
      <xmin>207</xmin>
      <ymin>129</ymin>
      <xmax>245</xmax>
      <ymax>226</ymax>
    </bndbox>
  </object>
  <object>
    <name>pedestrian</name>
    <bndbox>
      <xmin>327</xmin>
      <ymin>414</ymin>
      <xmax>388</xmax>
      <ymax>584</ymax>
    </bndbox>
  </object>
  <object>
    <name>pedestrian</name>
    <bndbox>
      <xmin>177</xmin>
      <ymin>120</ymin>
      <xmax>215</xmax>
      <ymax>214</ymax>
    </bndbox>
  </object>
  <object>
    <name>pedestrian</name>
    <bndbox>
      <xmin>849</xmin>
      <ymin>111</ymin>
      <xmax>890</xmax>
      <ymax>208</ymax>
    </bndbox>
  </object>
  <object>
    <name>pedestrian</name>
    <bndbox>
      <xmin>880</xmin>
      <ymin>116</ymin>
      <xmax>924</xmax>
      <ymax>214</ymax>
    </bndbox>
  </object>
  <object>
    <name>pedestrian</name>
    <bndbox>
      <xmin>106</xmin>
      <ymin>158</ymin>
      <xmax>152</xmax>
      <ymax>262</ymax>
    </bndbox>
  </object>
  <object>
    <name>pedestrian</name>
    <bndbox>
      <xmin>165</xmin>
      <ymin>320</ymin>
      <xmax>224</xmax>
      <ymax>467</ymax>
    </bndbox>
  </object>
  <object>
    <name>pedestrian</name>
    <bndbox>
      <xmin>209</xmin>
      <ymin>148</ymin>
      <xmax>249</xmax>
      <ymax>250</ymax>
    </bndbox>
  </object>
  <object>
    <name>pedestrian</name>
    <bndbox>
      <xmin>896</xmin>
      <ymin>90</ymin>
      <xmax>939</xmax>
      <ymax>183</ymax>
    </bndbox>
  </object>
</annotation>
