<annotation>
  <filename>1301.jpg</filename>
  <size>
    <width>960</width>
    <height>540</height>
    <depth>3</depth>
  </size>
  <object>
    <name>pedestrian</name>
    <bndbox>
      <xmin>883</xmin>
      <ymin>60</ymin>
      <xmax>923</xmax>
      <ymax>146</ymax>
    </bndbox>
  </object>
  <object>
    <name>pedestrian</name>
    <bndbox>
      <xmin>104</xmin>
      <ymin>123</ymin>
      <xmax>147</xmax>
      <ymax>218</ymax>
    </bndbox>
  </object>
  <object>
    <name>pedestrian</name>
    <bndbox>
      <xmin>862</xmin>
      <ymin>172</ymin>
      <xmax>909</xmax>
      <ymax>285</ymax>
    </bndbox>
  </object>
  <object>
    <name>pedestrian</name>
    <bndbox>
      <xmin>372</xmin>
      <ymin>66</ymin>
      <xmax>402</xmax>
      <ymax>148</ymax>
    </bndbox>
  </object>
  <object>
    <name>pedestrian</name>
    <bndbox>
      <xmin>845</xmin>
      <ymin>208</ymin>
      <xmax>894</xmax>
      <ymax>329</ymax>
    </bndbox>
  </object>
  <object>
    <name>pedestrian</name>
    <bndbox>
      <xmin>755</xmin>
      <ymin>245</ymin>
      <xmax>802</xmax>
      <ymax>375</ymax>
    </bndbox>
  </object>
  <object>
    <name>pedestrian</name>
    <bndbox>
      <xmin>256</xmin>
      <ymin>90</ymin>
      <xmax>289</xmax>
      <ymax>177</ymax>
    </bndbox>
  </object>
  <object>
    <name>pedestrian</name>
    <bndbox>
      <xmin>774</xmin>
      <ymin>216</ymin>
      <xmax>819</xmax>
      <ymax>339</ymax>
    </bndbox>
  </object>
  <object>
    <name>pedestrian</name>
    <bndbox>
      <xmin>314</xmin>
      <ymin>68</ymin>
      <xmax>344</xmax>
      <ymax>149</ymax>
    </bndbox>
  </object>
  <object>
    <name>pedestrian</name>
    <bndbox>
      <xmin>336</xmin>
      <ymin>127</ymin>
      <xmax>371</xmax>
      <ymax>225</ymax>
    </bndbox>
  </object>
  <object>
    <name>pedestrian</name>
    <bndbox>
      <xmin>829</xmin>
      <ymin>79</ymin>
      <xmax>866</xmax>
      <ymax>167</ymax>
    </bndbox>
  </object>
  <object>
    <name>pedestrian</name>
    <bndbox>
      <xmin>296</xmin>
      <ymin>131</ymin>
      <xmax>332</xmax>
      <ymax>230</ymax>
    </bndbox>
  </object>
  <object>
    <name>pedestrian</name>
    <bndbox>
      <xmin>209</xmin>
      <ymin>127</ymin>
      <xmax>248</xmax>
      <ymax>224</ymax>
    </bndbox>
  </object>
  <object>
    <name>pedestrian</name>
    <bndbox>
      <xmin>316</xmin>
      <ymin>413</ymin>
      <xmax>378</xmax>
      <ymax>583</ymax>
    </bndbox>
  </object>
  <object>
    <name>pedestrian</name>
    <bndbox>
      <xmin>179</xmin>
      <ymin>118</ymin>
      <xmax>217</xmax>
      <ymax>212</ymax>
    </bndbox>
  </object>
  <object>
    <name>pedestrian</name>
    <bndbox>
      <xmin>848</xmin>
      <ymin>113</ymin>
      <xmax>888</xmax>
      <ymax>210</ymax>
    </bndbox>
  </object>
  <object>
    <name>pedestrian</name>
    <bndbox>
      <xmin>877</xmin>
      <ymin>118</ymin>
      <xmax>921</xmax>
      <ymax>217</ymax>
    </bndbox>
  </object>
  <object>
    <name>pedestrian</name>
    <bndbox>
      <xmin>111</xmin>
      <ymin>156</ymin>
      <xmax>156</xmax>
      <ymax>259</ymax>
    </bndbox>
  </object>
  <object>
    <name>pedestrian</name>
    <bndbox>
      <xmin>173</xmin>
      <ymin>313</ymin>
      <xmax>231</xmax>
      <ymax>458</ymax>
    </bndbox>
  </object>
  <object>
    <name>pedestrian</name>
    <bndbox>
      <xmin>212</xmin>
      <ymin>148</ymin>
      <xmax>252</xmax>
      <ymax>250</ymax>
    </bndbox>
  </object>
  <object>
    <name>pedestrian</name>
    <bndbox>
      <xmin>893</xmin>
      <ymin>95</ymin>
      <xmax>937</xmax>
      <ymax>189</ymax>
    </bndbox>
  </object>
</annotation>
