<annotation>
  <filename>1310.jpg</filename>
  <size>
    <width>960</width>
    <height>540</height>
    <depth>3</depth>
  </size>
  <object>
    <name>pedestrian</name>
    <bndbox>
      <xmin>883</xmin>
      <ymin>60</ymin>
      <xmax>923</xmax>
      <ymax>145</ymax>
    </bndbox>
  </object>
  <object>
    <name>pedestrian</name>
    <bndbox>
      <xmin>88</xmin>
      <ymin>127</ymin>
      <xmax>132</xmax>
      <ymax>223</ymax>
    </bndbox>
  </object>
  <object>
    <name>pedestrian</name>
    <bndbox>
      <xmin>871</xmin>
      <ymin>166</ymin>
      <xmax>919</xmax>
      <ymax>278</ymax>
    </bndbox>
  </object>
  <object>
    <name>pedestrian</name>
    <bndbox>
      <xmin>385</xmin>
      <ymin>62</ymin>
      <xmax>414</xmax>
      <ymax>142</ymax>
    </bndbox>
  </object>
  <object>
    <name>pedestrian</name>
    <bndbox>
      <xmin>848</xmin>
      <ymin>203</ymin>
      <xmax>896</xmax>
      <ymax>323</ymax>
    </bndbox>
  </object>
  <object>
    <name>pedestrian</name>
    <bndbox>
      <xmin>754</xmin>
      <ymin>254</ymin>
      <xmax>802</xmax>
      <ymax>387</ymax>
    </bndbox>
  </object>
  <object>
    <name>pedestrian</name>
    <bndbox>
      <xmin>242</xmin>
      <ymin>97</ymin>
      <xmax>277</xmax>
      <ymax>186</ymax>
    </bndbox>
  </object>
  <object>
    <name>pedestrian</name>
    <bndbox>
      <xmin>767</xmin>
      <ymin>223</ymin>
      <xmax>812</xmax>
      <ymax>347</ymax>
    </bndbox>
  </object>
  <object>
    <name>pedestrian</name>
    <bndbox>
      <xmin>299</xmin>
      <ymin>73</ymin>
      <xmax>330</xmax>
      <ymax>155</ymax>
    </bndbox>
  </object>
  <object>
    <name>pedestrian</name>
    <bndbox>
      <xmin>352</xmin>
      <ymin>121</ymin>
      <xmax>387</xmax>
      <ymax>218</ymax>
    </bndbox>
  </object>
  <object>
    <name>pedestrian</name>
    <bndbox>
      <xmin>827</xmin>
      <ymin>87</ymin>
      <xmax>864</xmax>
      <ymax>177</ymax>
    </bndbox>
  </object>
  <object>
    <name>pedestrian</name>
    <bndbox>
      <xmin>311</xmin>
      <ymin>128</ymin>
      <xmax>346</xmax>
      <ymax>226</ymax>
    </bndbox>
  </object>
  <object>
    <name>pedestrian</name>
    <bndbox>
      <xmin>224</xmin>
      <ymin>123</ymin>
      <xmax>262</xmax>
      <ymax>218</ymax>
    </bndbox>
  </object>
  <object>
    <name>pedestrian</name>
    <bndbox>
      <xmin>274</xmin>
      <ymin>417</ymin>
      <xmax>338</xmax>
      <ymax>588</ymax>
    </bndbox>
  </object>
  <object>
    <name>pedestrian</name>
    <bndbox>
      <xmin>198</xmin>
      <ymin>115</ymin>
      <xmax>235</xmax>
      <ymax>209</ymax>
    </bndbox>
  </object>
  <object>
    <name>pedestrian</name>
    <bndbox>
      <xmin>837</xmin>
      <ymin>118</ymin>
      <xmax>877</xmax>
      <ymax>216</ymax>
    </bndbox>
  </object>
  <object>
    <name>pedestrian</name>
    <bndbox>
      <xmin>868</xmin>
      <ymin>123</ymin>
      <xmax>912</xmax>
      <ymax>224</ymax>
    </bndbox>
  </object>
  <object>
    <name>pedestrian</name>
    <bndbox>
      <xmin>132</xmin>
      <ymin>146</ymin>
      <xmax>175</xmax>
      <ymax>248</ymax>
    </bndbox>
  </object>
  <object>
    <name>pedestrian</name>
    <bndbox>
      <xmin>208</xmin>
      <ymin>296</ymin>
      <xmax>264</xmax>
      <ymax>436</ymax>
    </bndbox>
  </object>
  <object>
    <name>pedestrian</name>
    <bndbox>
      <xmin>221</xmin>
      <ymin>144</ymin>
      <xmax>260</xmax>
      <ymax>245</ymax>
    </bndbox>
  </object>
  <object>
    <name>pedestrian</name>
    <bndbox>
      <xmin>890</xmin>
      <ymin>102</ymin>
      <xmax>934</xmax>
      <ymax>197</ymax>
    </bndbox>
  </object>
  <object>
    <name>pedestrian</name>
    <bndbox>
      <xmin>-4</xmin>
      <ymin>219</ymin>
      <xmax>56</xmax>
      <ymax>340</ymax>
    </bndbox>
  </object>
</annotation>
