<annotation>
  <filename>1319.jpg</filename>
  <size>
    <width>960</width>
    <height>540</height>
    <depth>3</depth>
  </size>
  <object>
    <name>pedestrian</name>
    <bndbox>
      <xmin>884</xmin>
      <ymin>60</ymin>
      <xmax>924</xmax>
      <ymax>146</ymax>
    </bndbox>
  </object>
  <object>
    <name>pedestrian</name>
    <bndbox>
      <xmin>70</xmin>
      <ymin>133</ymin>
      <xmax>116</xmax>
      <ymax>230</ymax>
    </bndbox>
  </object>
  <object>
    <name>pedestrian</name>
    <bndbox>
      <xmin>874</xmin>
      <ymin>161</ymin>
      <xmax>921</xmax>
      <ymax>271</ymax>
    </bndbox>
  </object>
  <object>
    <name>pedestrian</name>
    <bndbox>
      <xmin>394</xmin>
      <ymin>58</ymin>
      <xmax>422</xmax>
      <ymax>138</ymax>
    </bndbox>
  </object>
  <object>
    <name>pedestrian</name>
    <bndbox>
      <xmin>850</xmin>
      <ymin>194</ymin>
      <xmax>899</xmax>
      <ymax>313</ymax>
    </bndbox>
  </object>
  <object>
    <name>pedestrian</name>
    <bndbox>
      <xmin>753</xmin>
      <ymin>269</ymin>
      <xmax>802</xmax>
      <ymax>406</ymax>
    </bndbox>
  </object>
  <object>
    <name>pedestrian</name>
    <bndbox>
      <xmin>225</xmin>
      <ymin>104</ymin>
      <xmax>260</xmax>
      <ymax>194</ymax>
    </bndbox>
  </object>
  <object>
    <name>pedestrian</name>
    <bndbox>
      <xmin>762</xmin>
      <ymin>231</ymin>
      <xmax>808</xmax>
      <ymax>358</ymax>
    </bndbox>
  </object>
  <object>
    <name>pedestrian</name>
    <bndbox>
      <xmin>286</xmin>
      <ymin>76</ymin>
      <xmax>317</xmax>
      <ymax>160</ymax>
    </bndbox>
  </object>
  <object>
    <name>pedestrian</name>
    <bndbox>
      <xmin>362</xmin>
      <ymin>117</ymin>
      <xmax>396</xmax>
      <ymax>213</ymax>
    </bndbox>
  </object>
  <object>
    <name>pedestrian</name>
    <bndbox>
      <xmin>827</xmin>
      <ymin>90</ymin>
      <xmax>864</xmax>
      <ymax>181</ymax>
    </bndbox>
  </object>
  <object>
    <name>pedestrian</name>
    <bndbox>
      <xmin>325</xmin>
      <ymin>122</ymin>
      <xmax>360</xmax>
      <ymax>218</ymax>
    </bndbox>
  </object>
  <object>
    <name>pedestrian</name>
    <bndbox>
      <xmin>239</xmin>
      <ymin>117</ymin>
      <xmax>275</xmax>
      <ymax>211</ymax>
    </bndbox>
  </object>
  <object>
    <name>pedestrian</name>
    <bndbox>
      <xmin>227</xmin>
      <ymin>424</ymin>
      <xmax>294</xmax>
      <ymax>599</ymax>
    </bndbox>
  </object>
  <object>
    <name>pedestrian</name>
    <bndbox>
      <xmin>216</xmin>
      <ymin>108</ymin>
      <xmax>252</xmax>
      <ymax>200</ymax>
    </bndbox>
  </object>
  <object>
    <name>pedestrian</name>
    <bndbox>
      <xmin>830</xmin>
      <ymin>128</ymin>
      <xmax>871</xmax>
      <ymax>228</ymax>
    </bndbox>
  </object>
  <object>
    <name>pedestrian</name>
    <bndbox>
      <xmin>861</xmin>
      <ymin>133</ymin>
      <xmax>905</xmax>
      <ymax>236</ymax>
    </bndbox>
  </object>
  <object>
    <name>pedestrian</name>
    <bndbox>
      <xmin>146</xmin>
      <ymin>137</ymin>
      <xmax>188</xmax>
      <ymax>236</ymax>
    </bndbox>
  </object>
  <object>
    <name>pedestrian</name>
    <bndbox>
      <xmin>236</xmin>
      <ymin>278</ymin>
      <xmax>288</xmax>
      <ymax>415</ymax>
    </bndbox>
  </object>
  <object>
    <name>pedestrian</name>
    <bndbox>
      <xmin>227</xmin>
      <ymin>141</ymin>
      <xmax>265</xmax>
      <ymax>241</ymax>
    </bndbox>
  </object>
  <object>
    <name>pedestrian</name>
    <bndbox>
      <xmin>887</xmin>
      <ymin>107</ymin>
      <xmax>931</xmax>
      <ymax>204</ymax>
    </bndbox>
  </object>
  <object>
    <name>pedestrian</name>
    <bndbox>
      <xmin>17</xmin>
      <ymin>208</ymin>
      <xmax>75</xmax>
      <ymax>326</ymax>
    </bndbox>
  </object>
</annotation>
