<annotation>
  <filename>1334.jpg</filename>
  <size>
    <width>960</width>
    <height>540</height>
    <depth>3</depth>
  </size>
  <object>
    <name>pedestrian</name>
    <bndbox>
      <xmin>883</xmin>
      <ymin>60</ymin>
      <xmax>923</xmax>
      <ymax>146</ymax>
    </bndbox>
  </object>
  <object>
    <name>pedestrian</name>
    <bndbox>
      <xmin>47</xmin>
      <ymin>142</ymin>
      <xmax>95</xmax>
      <ymax>242</ymax>
    </bndbox>
  </object>
  <object>
    <name>pedestrian</name>
    <bndbox>
      <xmin>877</xmin>
      <ymin>153</ymin>
      <xmax>924</xmax>
      <ymax>261</ymax>
    </bndbox>
  </object>
  <object>
    <name>pedestrian</name>
    <bndbox>
      <xmin>416</xmin>
      <ymin>53</ymin>
      <xmax>444</xmax>
      <ymax>131</ymax>
    </bndbox>
  </object>
  <object>
    <name>pedestrian</name>
    <bndbox>
      <xmin>870</xmin>
      <ymin>187</ymin>
      <xmax>919</xmax>
      <ymax>303</ymax>
    </bndbox>
  </object>
  <object>
    <name>pedestrian</name>
    <bndbox>
      <xmin>745</xmin>
      <ymin>290</ymin>
      <xmax>796</xmax>
      <ymax>432</ymax>
    </bndbox>
  </object>
  <object>
    <name>pedestrian</name>
    <bndbox>
      <xmin>753</xmin>
      <ymin>245</ymin>
      <xmax>800</xmax>
      <ymax>375</ymax>
    </bndbox>
  </object>
  <object>
    <name>pedestrian</name>
    <bndbox>
      <xmin>257</xmin>
      <ymin>86</ymin>
      <xmax>290</xmax>
      <ymax>172</ymax>
    </bndbox>
  </object>
  <object>
    <name>pedestrian</name>
    <bndbox>
      <xmin>385</xmin>
      <ymin>109</ymin>
      <xmax>418</xmax>
      <ymax>202</ymax>
    </bndbox>
  </object>
  <object>
    <name>pedestrian</name>
    <bndbox>
      <xmin>824</xmin>
      <ymin>99</ymin>
      <xmax>862</xmax>
      <ymax>192</ymax>
    </bndbox>
  </object>
  <object>
    <name>pedestrian</name>
    <bndbox>
      <xmin>346</xmin>
      <ymin>114</ymin>
      <xmax>380</xmax>
      <ymax>208</ymax>
    </bndbox>
  </object>
  <object>
    <name>pedestrian</name>
    <bndbox>
      <xmin>250</xmin>
      <ymin>100</ymin>
      <xmax>285</xmax>
      <ymax>189</ymax>
    </bndbox>
  </object>
  <object>
    <name>pedestrian</name>
    <bndbox>
      <xmin>150</xmin>
      <ymin>432</ymin>
      <xmax>220</xmax>
      <ymax>612</ymax>
    </bndbox>
  </object>
  <object>
    <name>pedestrian</name>
    <bndbox>
      <xmin>239</xmin>
      <ymin>101</ymin>
      <xmax>273</xmax>
      <ymax>190</ymax>
    </bndbox>
  </object>
  <object>
    <name>pedestrian</name>
    <bndbox>
      <xmin>813</xmin>
      <ymin>137</ymin>
      <xmax>854</xmax>
      <ymax>240</ymax>
    </bndbox>
  </object>
  <object>
    <name>pedestrian</name>
    <bndbox>
      <xmin>846</xmin>
      <ymin>144</ymin>
      <xmax>889</xmax>
      <ymax>249</ymax>
    </bndbox>
  </object>
  <object>
    <name>pedestrian</name>
    <bndbox>
      <xmin>179</xmin>
      <ymin>123</ymin>
      <xmax>218</xmax>
      <ymax>219</ymax>
    </bndbox>
  </object>
  <object>
    <name>pedestrian</name>
    <bndbox>
      <xmin>284</xmin>
      <ymin>245</ymin>
      <xmax>331</xmax>
      <ymax>374</ymax>
    </bndbox>
  </object>
  <object>
    <name>pedestrian</name>
    <bndbox>
      <xmin>245</xmin>
      <ymin>133</ymin>
      <xmax>283</xmax>
      <ymax>232</ymax>
    </bndbox>
  </object>
  <object>
    <name>pedestrian</name>
    <bndbox>
      <xmin>873</xmin>
      <ymin>119</ymin>
      <xmax>916</xmax>
      <ymax>218</ymax>
    </bndbox>
  </object>
  <object>
    <name>pedestrian</name>
    <bndbox>
      <xmin>50</xmin>
      <ymin>194</ymin>
      <xmax>103</xmax>
      <ymax>308</ymax>
    </bndbox>
  </object>
  <object>
    <name>pedestrian</name>
    <bndbox>
      <xmin>196</xmin>
      <ymin>111</ymin>
      <xmax>233</xmax>
      <ymax>204</ymax>
    </bndbox>
  </object>
</annotation>
