<annotation>
  <filename>1346.jpg</filename>
  <size>
    <width>960</width>
    <height>540</height>
    <depth>3</depth>
  </size>
  <object>
    <name>pedestrian</name>
    <bndbox>
      <xmin>883</xmin>
      <ymin>60</ymin>
      <xmax>923</xmax>
      <ymax>146</ymax>
    </bndbox>
  </object>
  <object>
    <name>pedestrian</name>
    <bndbox>
      <xmin>21</xmin>
      <ymin>152</ymin>
      <xmax>73</xmax>
      <ymax>255</ymax>
    </bndbox>
  </object>
  <object>
    <name>pedestrian</name>
    <bndbox>
      <xmin>883</xmin>
      <ymin>145</ymin>
      <xmax>929</xmax>
      <ymax>251</ymax>
    </bndbox>
  </object>
  <object>
    <name>pedestrian</name>
    <bndbox>
      <xmin>426</xmin>
      <ymin>49</ymin>
      <xmax>454</xmax>
      <ymax>126</ymax>
    </bndbox>
  </object>
  <object>
    <name>pedestrian</name>
    <bndbox>
      <xmin>873</xmin>
      <ymin>177</ymin>
      <xmax>922</xmax>
      <ymax>292</ymax>
    </bndbox>
  </object>
  <object>
    <name>pedestrian</name>
    <bndbox>
      <xmin>741</xmin>
      <ymin>310</ymin>
      <xmax>794</xmax>
      <ymax>457</ymax>
    </bndbox>
  </object>
  <object>
    <name>pedestrian</name>
    <bndbox>
      <xmin>750</xmin>
      <ymin>257</ymin>
      <xmax>798</xmax>
      <ymax>390</ymax>
    </bndbox>
  </object>
  <object>
    <name>pedestrian</name>
    <bndbox>
      <xmin>236</xmin>
      <ymin>93</ymin>
      <xmax>270</xmax>
      <ymax>180</ymax>
    </bndbox>
  </object>
  <object>
    <name>pedestrian</name>
    <bndbox>
      <xmin>397</xmin>
      <ymin>102</ymin>
      <xmax>430</xmax>
      <ymax>194</ymax>
    </bndbox>
  </object>
  <object>
    <name>pedestrian</name>
    <bndbox>
      <xmin>819</xmin>
      <ymin>105</ymin>
      <xmax>857</xmax>
      <ymax>200</ymax>
    </bndbox>
  </object>
  <object>
    <name>pedestrian</name>
    <bndbox>
      <xmin>361</xmin>
      <ymin>106</ymin>
      <xmax>395</xmax>
      <ymax>199</ymax>
    </bndbox>
  </object>
  <object>
    <name>pedestrian</name>
    <bndbox>
      <xmin>279</xmin>
      <ymin>102</ymin>
      <xmax>313</xmax>
      <ymax>192</ymax>
    </bndbox>
  </object>
  <object>
    <name>pedestrian</name>
    <bndbox>
      <xmin>89</xmin>
      <ymin>444</ymin>
      <xmax>163</xmax>
      <ymax>632</ymax>
    </bndbox>
  </object>
  <object>
    <name>pedestrian</name>
    <bndbox>
      <xmin>261</xmin>
      <ymin>92</ymin>
      <xmax>294</xmax>
      <ymax>180</ymax>
    </bndbox>
  </object>
  <object>
    <name>pedestrian</name>
    <bndbox>
      <xmin>805</xmin>
      <ymin>148</ymin>
      <xmax>845</xmax>
      <ymax>253</ymax>
    </bndbox>
  </object>
  <object>
    <name>pedestrian</name>
    <bndbox>
      <xmin>841</xmin>
      <ymin>155</ymin>
      <xmax>884</xmax>
      <ymax>263</ymax>
    </bndbox>
  </object>
  <object>
    <name>pedestrian</name>
    <bndbox>
      <xmin>202</xmin>
      <ymin>112</ymin>
      <xmax>238</xmax>
      <ymax>205</ymax>
    </bndbox>
  </object>
  <object>
    <name>pedestrian</name>
    <bndbox>
      <xmin>315</xmin>
      <ymin>223</ymin>
      <xmax>360</xmax>
      <ymax>347</ymax>
    </bndbox>
  </object>
  <object>
    <name>pedestrian</name>
    <bndbox>
      <xmin>252</xmin>
      <ymin>130</ymin>
      <xmax>289</xmax>
      <ymax>228</ymax>
    </bndbox>
  </object>
  <object>
    <name>pedestrian</name>
    <bndbox>
      <xmin>861</xmin>
      <ymin>129</ymin>
      <xmax>905</xmax>
      <ymax>230</ymax>
    </bndbox>
  </object>
  <object>
    <name>pedestrian</name>
    <bndbox>
      <xmin>74</xmin>
      <ymin>184</ymin>
      <xmax>124</xmax>
      <ymax>295</ymax>
    </bndbox>
  </object>
  <object>
    <name>pedestrian</name>
    <bndbox>
      <xmin>169</xmin>
      <ymin>119</ymin>
      <xmax>208</xmax>
      <ymax>213</ymax>
    </bndbox>
  </object>
</annotation>
