<annotation>
  <filename>1364.jpg</filename>
  <size>
    <width>960</width>
    <height>540</height>
    <depth>3</depth>
  </size>
  <object>
    <name>pedestrian</name>
    <bndbox>
      <xmin>883</xmin>
      <ymin>60</ymin>
      <xmax>923</xmax>
      <ymax>145</ymax>
    </bndbox>
  </object>
  <object>
    <name>pedestrian</name>
    <bndbox>
      <xmin>-14</xmin>
      <ymin>164</ymin>
      <xmax>43</xmax>
      <ymax>271</ymax>
    </bndbox>
  </object>
  <object>
    <name>pedestrian</name>
    <bndbox>
      <xmin>884</xmin>
      <ymin>135</ymin>
      <xmax>930</xmax>
      <ymax>239</ymax>
    </bndbox>
  </object>
  <object>
    <name>pedestrian</name>
    <bndbox>
      <xmin>444</xmin>
      <ymin>43</ymin>
      <xmax>471</xmax>
      <ymax>118</ymax>
    </bndbox>
  </object>
  <object>
    <name>pedestrian</name>
    <bndbox>
      <xmin>881</xmin>
      <ymin>168</ymin>
      <xmax>930</xmax>
      <ymax>280</ymax>
    </bndbox>
  </object>
  <object>
    <name>pedestrian</name>
    <bndbox>
      <xmin>727</xmin>
      <ymin>339</ymin>
      <xmax>782</xmax>
      <ymax>494</ymax>
    </bndbox>
  </object>
  <object>
    <name>pedestrian</name>
    <bndbox>
      <xmin>746</xmin>
      <ymin>274</ymin>
      <xmax>796</xmax>
      <ymax>412</ymax>
    </bndbox>
  </object>
  <object>
    <name>pedestrian</name>
    <bndbox>
      <xmin>200</xmin>
      <ymin>103</ymin>
      <xmax>236</xmax>
      <ymax>193</ymax>
    </bndbox>
  </object>
  <object>
    <name>pedestrian</name>
    <bndbox>
      <xmin>422</xmin>
      <ymin>91</ymin>
      <xmax>453</xmax>
      <ymax>180</ymax>
    </bndbox>
  </object>
  <object>
    <name>pedestrian</name>
    <bndbox>
      <xmin>820</xmin>
      <ymin>117</ymin>
      <xmax>859</xmax>
      <ymax>215</ymax>
    </bndbox>
  </object>
  <object>
    <name>pedestrian</name>
    <bndbox>
      <xmin>385</xmin>
      <ymin>97</ymin>
      <xmax>418</xmax>
      <ymax>187</ymax>
    </bndbox>
  </object>
  <object>
    <name>pedestrian</name>
    <bndbox>
      <xmin>308</xmin>
      <ymin>91</ymin>
      <xmax>340</xmax>
      <ymax>178</ymax>
    </bndbox>
  </object>
  <object>
    <name>pedestrian</name>
    <bndbox>
      <xmin>-10</xmin>
      <ymin>446</ymin>
      <xmax>71</xmax>
      <ymax>643</ymax>
    </bndbox>
  </object>
  <object>
    <name>pedestrian</name>
    <bndbox>
      <xmin>282</xmin>
      <ymin>85</ymin>
      <xmax>315</xmax>
      <ymax>170</ymax>
    </bndbox>
  </object>
  <object>
    <name>pedestrian</name>
    <bndbox>
      <xmin>785</xmin>
      <ymin>164</ymin>
      <xmax>825</xmax>
      <ymax>273</ymax>
    </bndbox>
  </object>
  <object>
    <name>pedestrian</name>
    <bndbox>
      <xmin>827</xmin>
      <ymin>170</ymin>
      <xmax>871</xmax>
      <ymax>282</ymax>
    </bndbox>
  </object>
  <object>
    <name>pedestrian</name>
    <bndbox>
      <xmin>241</xmin>
      <ymin>100</ymin>
      <xmax>276</xmax>
      <ymax>189</ymax>
    </bndbox>
  </object>
  <object>
    <name>pedestrian</name>
    <bndbox>
      <xmin>357</xmin>
      <ymin>199</ymin>
      <xmax>399</xmax>
      <ymax>317</ymax>
    </bndbox>
  </object>
  <object>
    <name>pedestrian</name>
    <bndbox>
      <xmin>260</xmin>
      <ymin>122</ymin>
      <xmax>296</xmax>
      <ymax>218</ymax>
    </bndbox>
  </object>
  <object>
    <name>pedestrian</name>
    <bndbox>
      <xmin>844</xmin>
      <ymin>144</ymin>
      <xmax>887</xmax>
      <ymax>248</ymax>
    </bndbox>
  </object>
  <object>
    <name>pedestrian</name>
    <bndbox>
      <xmin>106</xmin>
      <ymin>165</ymin>
      <xmax>153</xmax>
      <ymax>272</ymax>
    </bndbox>
  </object>
  <object>
    <name>pedestrian</name>
    <bndbox>
      <xmin>138</xmin>
      <ymin>133</ymin>
      <xmax>179</xmax>
      <ymax>230</ymax>
    </bndbox>
  </object>
  <object>
    <name>pedestrian</name>
    <bndbox>
      <xmin>804</xmin>
      <ymin>452</ymin>
      <xmax>871</xmax>
      <ymax>649</ymax>
    </bndbox>
  </object>
</annotation>
