<annotation>
  <filename>137.jpg</filename>
  <size>
    <width>960</width>
    <height>540</height>
    <depth>3</depth>
  </size>
  <object>
    <name>pedestrian</name>
    <bndbox>
      <xmin>356</xmin>
      <ymin>39</ymin>
      <xmax>383</xmax>
      <ymax>112</ymax>
    </bndbox>
  </object>
  <object>
    <name>pedestrian</name>
    <bndbox>
      <xmin>548</xmin>
      <ymin>33</ymin>
      <xmax>573</xmax>
      <ymax>106</ymax>
    </bndbox>
  </object>
  <object>
    <name>pedestrian</name>
    <bndbox>
      <xmin>577</xmin>
      <ymin>39</ymin>
      <xmax>602</xmax>
      <ymax>114</ymax>
    </bndbox>
  </object>
  <object>
    <name>pedestrian</name>
    <bndbox>
      <xmin>68</xmin>
      <ymin>448</ymin>
      <xmax>144</xmax>
      <ymax>638</ymax>
    </bndbox>
  </object>
  <object>
    <name>pedestrian</name>
    <bndbox>
      <xmin>568</xmin>
      <ymin>241</ymin>
      <xmax>609</xmax>
      <ymax>371</ymax>
    </bndbox>
  </object>
  <object>
    <name>pedestrian</name>
    <bndbox>
      <xmin>843</xmin>
      <ymin>-2</ymin>
      <xmax>874</xmax>
      <ymax>68</ymax>
    </bndbox>
  </object>
  <object>
    <name>pedestrian</name>
    <bndbox>
      <xmin>573</xmin>
      <ymin>-7</ymin>
      <xmax>595</xmax>
      <ymax>55</ymax>
    </bndbox>
  </object>
  <object>
    <name>pedestrian</name>
    <bndbox>
      <xmin>463</xmin>
      <ymin>30</ymin>
      <xmax>488</xmax>
      <ymax>102</ymax>
    </bndbox>
  </object>
  <object>
    <name>pedestrian</name>
    <bndbox>
      <xmin>831</xmin>
      <ymin>300</ymin>
      <xmax>888</xmax>
      <ymax>447</ymax>
    </bndbox>
  </object>
  <object>
    <name>pedestrian</name>
    <bndbox>
      <xmin>23</xmin>
      <ymin>242</ymin>
      <xmax>83</xmax>
      <ymax>369</ymax>
    </bndbox>
  </object>
</annotation>
