<annotation>
  <filename>1372.jpg</filename>
  <size>
    <width>960</width>
    <height>540</height>
    <depth>3</depth>
  </size>
  <object>
    <name>pedestrian</name>
    <bndbox>
      <xmin>884</xmin>
      <ymin>60</ymin>
      <xmax>924</xmax>
      <ymax>145</ymax>
    </bndbox>
  </object>
  <object>
    <name>pedestrian</name>
    <bndbox>
      <xmin>885</xmin>
      <ymin>131</ymin>
      <xmax>931</xmax>
      <ymax>233</ymax>
    </bndbox>
  </object>
  <object>
    <name>pedestrian</name>
    <bndbox>
      <xmin>455</xmin>
      <ymin>41</ymin>
      <xmax>482</xmax>
      <ymax>115</ymax>
    </bndbox>
  </object>
  <object>
    <name>pedestrian</name>
    <bndbox>
      <xmin>880</xmin>
      <ymin>162</ymin>
      <xmax>928</xmax>
      <ymax>273</ymax>
    </bndbox>
  </object>
  <object>
    <name>pedestrian</name>
    <bndbox>
      <xmin>722</xmin>
      <ymin>356</ymin>
      <xmax>779</xmax>
      <ymax>515</ymax>
    </bndbox>
  </object>
  <object>
    <name>pedestrian</name>
    <bndbox>
      <xmin>742</xmin>
      <ymin>284</ymin>
      <xmax>793</xmax>
      <ymax>424</ymax>
    </bndbox>
  </object>
  <object>
    <name>pedestrian</name>
    <bndbox>
      <xmin>184</xmin>
      <ymin>109</ymin>
      <xmax>221</xmax>
      <ymax>200</ymax>
    </bndbox>
  </object>
  <object>
    <name>pedestrian</name>
    <bndbox>
      <xmin>429</xmin>
      <ymin>88</ymin>
      <xmax>459</xmax>
      <ymax>176</ymax>
    </bndbox>
  </object>
  <object>
    <name>pedestrian</name>
    <bndbox>
      <xmin>818</xmin>
      <ymin>123</ymin>
      <xmax>857</xmax>
      <ymax>222</ymax>
    </bndbox>
  </object>
  <object>
    <name>pedestrian</name>
    <bndbox>
      <xmin>394</xmin>
      <ymin>92</ymin>
      <xmax>426</xmax>
      <ymax>180</ymax>
    </bndbox>
  </object>
  <object>
    <name>pedestrian</name>
    <bndbox>
      <xmin>319</xmin>
      <ymin>88</ymin>
      <xmax>351</xmax>
      <ymax>174</ymax>
    </bndbox>
  </object>
  <object>
    <name>pedestrian</name>
    <bndbox>
      <xmin>294</xmin>
      <ymin>79</ymin>
      <xmax>326</xmax>
      <ymax>163</ymax>
    </bndbox>
  </object>
  <object>
    <name>pedestrian</name>
    <bndbox>
      <xmin>781</xmin>
      <ymin>173</ymin>
      <xmax>822</xmax>
      <ymax>284</ymax>
    </bndbox>
  </object>
  <object>
    <name>pedestrian</name>
    <bndbox>
      <xmin>824</xmin>
      <ymin>181</ymin>
      <xmax>868</xmax>
      <ymax>295</ymax>
    </bndbox>
  </object>
  <object>
    <name>pedestrian</name>
    <bndbox>
      <xmin>256</xmin>
      <ymin>92</ymin>
      <xmax>289</xmax>
      <ymax>180</ymax>
    </bndbox>
  </object>
  <object>
    <name>pedestrian</name>
    <bndbox>
      <xmin>376</xmin>
      <ymin>187</ymin>
      <xmax>417</xmax>
      <ymax>302</ymax>
    </bndbox>
  </object>
  <object>
    <name>pedestrian</name>
    <bndbox>
      <xmin>259</xmin>
      <ymin>119</ymin>
      <xmax>295</xmax>
      <ymax>214</ymax>
    </bndbox>
  </object>
  <object>
    <name>pedestrian</name>
    <bndbox>
      <xmin>838</xmin>
      <ymin>151</ymin>
      <xmax>881</xmax>
      <ymax>257</ymax>
    </bndbox>
  </object>
  <object>
    <name>pedestrian</name>
    <bndbox>
      <xmin>123</xmin>
      <ymin>162</ymin>
      <xmax>168</xmax>
      <ymax>267</ymax>
    </bndbox>
  </object>
  <object>
    <name>pedestrian</name>
    <bndbox>
      <xmin>120</xmin>
      <ymin>137</ymin>
      <xmax>163</xmax>
      <ymax>236</ymax>
    </bndbox>
  </object>
  <object>
    <name>pedestrian</name>
    <bndbox>
      <xmin>788</xmin>
      <ymin>397</ymin>
      <xmax>851</xmax>
      <ymax>571</ymax>
    </bndbox>
  </object>
  <object>
    <name>pedestrian</name>
    <bndbox>
      <xmin>732</xmin>
      <ymin>486</ymin>
      <xmax>798</xmax>
      <ymax>691</ymax>
    </bndbox>
  </object>
  <object>
    <name>pedestrian</name>
    <bndbox>
      <xmin>612</xmin>
      <ymin>-3</ymin>
      <xmax>634</xmax>
      <ymax>60</ymax>
    </bndbox>
  </object>
</annotation>
