<annotation>
  <filename>14.jpg</filename>
  <size>
    <width>960</width>
    <height>540</height>
    <depth>3</depth>
  </size>
  <object>
    <name>pedestrian</name>
    <bndbox>
      <xmin>64</xmin>
      <ymin>422</ymin>
      <xmax>138</xmax>
      <ymax>603</ymax>
    </bndbox>
  </object>
  <object>
    <name>pedestrian</name>
    <bndbox>
      <xmin>103</xmin>
      <ymin>161</ymin>
      <xmax>149</xmax>
      <ymax>266</ymax>
    </bndbox>
  </object>
  <object>
    <name>pedestrian</name>
    <bndbox>
      <xmin>171</xmin>
      <ymin>106</ymin>
      <xmax>208</xmax>
      <ymax>196</ymax>
    </bndbox>
  </object>
  <object>
    <name>pedestrian</name>
    <bndbox>
      <xmin>380</xmin>
      <ymin>99</ymin>
      <xmax>412</xmax>
      <ymax>190</ymax>
    </bndbox>
  </object>
  <object>
    <name>pedestrian</name>
    <bndbox>
      <xmin>420</xmin>
      <ymin>108</ymin>
      <xmax>452</xmax>
      <ymax>202</ymax>
    </bndbox>
  </object>
  <object>
    <name>pedestrian</name>
    <bndbox>
      <xmin>409</xmin>
      <ymin>213</ymin>
      <xmax>451</xmax>
      <ymax>335</ymax>
    </bndbox>
  </object>
  <object>
    <name>pedestrian</name>
    <bndbox>
      <xmin>360</xmin>
      <ymin>457</ymin>
      <xmax>423</xmax>
      <ymax>639</ymax>
    </bndbox>
  </object>
  <object>
    <name>pedestrian</name>
    <bndbox>
      <xmin>810</xmin>
      <ymin>324</ymin>
      <xmax>868</xmax>
      <ymax>477</ymax>
    </bndbox>
  </object>
  <object>
    <name>pedestrian</name>
    <bndbox>
      <xmin>910</xmin>
      <ymin>82</ymin>
      <xmax>955</xmax>
      <ymax>174</ymax>
    </bndbox>
  </object>
  <object>
    <name>pedestrian</name>
    <bndbox>
      <xmin>821</xmin>
      <ymin>50</ymin>
      <xmax>855</xmax>
      <ymax>130</ymax>
    </bndbox>
  </object>
  <object>
    <name>pedestrian</name>
    <bndbox>
      <xmin>738</xmin>
      <ymin>8</ymin>
      <xmax>764</xmax>
      <ymax>76</ymax>
    </bndbox>
  </object>
  <object>
    <name>pedestrian</name>
    <bndbox>
      <xmin>461</xmin>
      <ymin>33</ymin>
      <xmax>487</xmax>
      <ymax>105</ymax>
    </bndbox>
  </object>
  <object>
    <name>pedestrian</name>
    <bndbox>
      <xmin>904</xmin>
      <ymin>142</ymin>
      <xmax>953</xmax>
      <ymax>248</ymax>
    </bndbox>
  </object>
</annotation>
