<annotation>
  <filename>1409.jpg</filename>
  <size>
    <width>960</width>
    <height>540</height>
    <depth>3</depth>
  </size>
  <object>
    <name>pedestrian</name>
    <bndbox>
      <xmin>886</xmin>
      <ymin>58</ymin>
      <xmax>926</xmax>
      <ymax>143</ymax>
    </bndbox>
  </object>
  <object>
    <name>pedestrian</name>
    <bndbox>
      <xmin>880</xmin>
      <ymin>115</ymin>
      <xmax>924</xmax>
      <ymax>213</ymax>
    </bndbox>
  </object>
  <object>
    <name>pedestrian</name>
    <bndbox>
      <xmin>490</xmin>
      <ymin>29</ymin>
      <xmax>516</xmax>
      <ymax>100</ymax>
    </bndbox>
  </object>
  <object>
    <name>pedestrian</name>
    <bndbox>
      <xmin>889</xmin>
      <ymin>137</ymin>
      <xmax>936</xmax>
      <ymax>242</ymax>
    </bndbox>
  </object>
  <object>
    <name>pedestrian</name>
    <bndbox>
      <xmin>718</xmin>
      <ymin>430</ymin>
      <xmax>780</xmax>
      <ymax>611</ymax>
    </bndbox>
  </object>
  <object>
    <name>pedestrian</name>
    <bndbox>
      <xmin>731</xmin>
      <ymin>328</ymin>
      <xmax>785</xmax>
      <ymax>479</ymax>
    </bndbox>
  </object>
  <object>
    <name>pedestrian</name>
    <bndbox>
      <xmin>116</xmin>
      <ymin>136</ymin>
      <xmax>159</xmax>
      <ymax>235</ymax>
    </bndbox>
  </object>
  <object>
    <name>pedestrian</name>
    <bndbox>
      <xmin>470</xmin>
      <ymin>70</ymin>
      <xmax>498</xmax>
      <ymax>153</ymax>
    </bndbox>
  </object>
  <object>
    <name>pedestrian</name>
    <bndbox>
      <xmin>832</xmin>
      <ymin>150</ymin>
      <xmax>875</xmax>
      <ymax>256</ymax>
    </bndbox>
  </object>
  <object>
    <name>pedestrian</name>
    <bndbox>
      <xmin>434</xmin>
      <ymin>74</ymin>
      <xmax>464</xmax>
      <ymax>158</ymax>
    </bndbox>
  </object>
  <object>
    <name>pedestrian</name>
    <bndbox>
      <xmin>374</xmin>
      <ymin>70</ymin>
      <xmax>404</xmax>
      <ymax>153</ymax>
    </bndbox>
  </object>
  <object>
    <name>pedestrian</name>
    <bndbox>
      <xmin>341</xmin>
      <ymin>64</ymin>
      <xmax>370</xmax>
      <ymax>144</ymax>
    </bndbox>
  </object>
  <object>
    <name>pedestrian</name>
    <bndbox>
      <xmin>747</xmin>
      <ymin>217</ymin>
      <xmax>792</xmax>
      <ymax>340</ymax>
    </bndbox>
  </object>
  <object>
    <name>pedestrian</name>
    <bndbox>
      <xmin>787</xmin>
      <ymin>225</ymin>
      <xmax>834</xmax>
      <ymax>350</ymax>
    </bndbox>
  </object>
  <object>
    <name>pedestrian</name>
    <bndbox>
      <xmin>305</xmin>
      <ymin>66</ymin>
      <xmax>335</xmax>
      <ymax>147</ymax>
    </bndbox>
  </object>
  <object>
    <name>pedestrian</name>
    <bndbox>
      <xmin>445</xmin>
      <ymin>140</ymin>
      <xmax>480</xmax>
      <ymax>243</ymax>
    </bndbox>
  </object>
  <object>
    <name>pedestrian</name>
    <bndbox>
      <xmin>272</xmin>
      <ymin>105</ymin>
      <xmax>306</xmax>
      <ymax>196</ymax>
    </bndbox>
  </object>
  <object>
    <name>pedestrian</name>
    <bndbox>
      <xmin>813</xmin>
      <ymin>187</ymin>
      <xmax>858</xmax>
      <ymax>302</ymax>
    </bndbox>
  </object>
  <object>
    <name>pedestrian</name>
    <bndbox>
      <xmin>177</xmin>
      <ymin>131</ymin>
      <xmax>217</xmax>
      <ymax>228</ymax>
    </bndbox>
  </object>
  <object>
    <name>pedestrian</name>
    <bndbox>
      <xmin>41</xmin>
      <ymin>171</ymin>
      <xmax>93</xmax>
      <ymax>278</ymax>
    </bndbox>
  </object>
  <object>
    <name>pedestrian</name>
    <bndbox>
      <xmin>802</xmin>
      <ymin>309</ymin>
      <xmax>857</xmax>
      <ymax>457</ymax>
    </bndbox>
  </object>
  <object>
    <name>pedestrian</name>
    <bndbox>
      <xmin>788</xmin>
      <ymin>389</ymin>
      <xmax>850</xmax>
      <ymax>560</ymax>
    </bndbox>
  </object>
  <object>
    <name>pedestrian</name>
    <bndbox>
      <xmin>592</xmin>
      <ymin>8</ymin>
      <xmax>614</xmax>
      <ymax>75</ymax>
    </bndbox>
  </object>
  <object>
    <name>pedestrian</name>
    <bndbox>
      <xmin>866</xmin>
      <ymin>101</ymin>
      <xmax>907</xmax>
      <ymax>196</ymax>
    </bndbox>
  </object>
  <object>
    <name>pedestrian</name>
    <bndbox>
      <xmin>496</xmin>
      <ymin>3</ymin>
      <xmax>519</xmax>
      <ymax>68</ymax>
    </bndbox>
  </object>
  <object>
    <name>pedestrian</name>
    <bndbox>
      <xmin>907</xmin>
      <ymin>115</ymin>
      <xmax>954</xmax>
      <ymax>215</ymax>
    </bndbox>
  </object>
  <object>
    <name>pedestrian</name>
    <bndbox>
      <xmin>451</xmin>
      <ymin>486</ymin>
      <xmax>513</xmax>
      <ymax>677</ymax>
    </bndbox>
  </object>
</annotation>
