<annotation>
  <filename>1418.jpg</filename>
  <size>
    <width>960</width>
    <height>540</height>
    <depth>3</depth>
  </size>
  <object>
    <name>pedestrian</name>
    <bndbox>
      <xmin>891</xmin>
      <ymin>58</ymin>
      <xmax>931</xmax>
      <ymax>144</ymax>
    </bndbox>
  </object>
  <object>
    <name>pedestrian</name>
    <bndbox>
      <xmin>877</xmin>
      <ymin>111</ymin>
      <xmax>921</xmax>
      <ymax>209</ymax>
    </bndbox>
  </object>
  <object>
    <name>pedestrian</name>
    <bndbox>
      <xmin>500</xmin>
      <ymin>26</ymin>
      <xmax>525</xmax>
      <ymax>96</ymax>
    </bndbox>
  </object>
  <object>
    <name>pedestrian</name>
    <bndbox>
      <xmin>888</xmin>
      <ymin>134</ymin>
      <xmax>935</xmax>
      <ymax>237</ymax>
    </bndbox>
  </object>
  <object>
    <name>pedestrian</name>
    <bndbox>
      <xmin>731</xmin>
      <ymin>455</ymin>
      <xmax>796</xmax>
      <ymax>647</ymax>
    </bndbox>
  </object>
  <object>
    <name>pedestrian</name>
    <bndbox>
      <xmin>726</xmin>
      <ymin>338</ymin>
      <xmax>782</xmax>
      <ymax>492</ymax>
    </bndbox>
  </object>
  <object>
    <name>pedestrian</name>
    <bndbox>
      <xmin>98</xmin>
      <ymin>143</ymin>
      <xmax>143</xmax>
      <ymax>243</ymax>
    </bndbox>
  </object>
  <object>
    <name>pedestrian</name>
    <bndbox>
      <xmin>477</xmin>
      <ymin>65</ymin>
      <xmax>505</xmax>
      <ymax>147</ymax>
    </bndbox>
  </object>
  <object>
    <name>pedestrian</name>
    <bndbox>
      <xmin>839</xmin>
      <ymin>158</ymin>
      <xmax>882</xmax>
      <ymax>266</ymax>
    </bndbox>
  </object>
  <object>
    <name>pedestrian</name>
    <bndbox>
      <xmin>440</xmin>
      <ymin>69</ymin>
      <xmax>469</xmax>
      <ymax>151</ymax>
    </bndbox>
  </object>
  <object>
    <name>pedestrian</name>
    <bndbox>
      <xmin>386</xmin>
      <ymin>67</ymin>
      <xmax>416</xmax>
      <ymax>148</ymax>
    </bndbox>
  </object>
  <object>
    <name>pedestrian</name>
    <bndbox>
      <xmin>353</xmin>
      <ymin>62</ymin>
      <xmax>383</xmax>
      <ymax>142</ymax>
    </bndbox>
  </object>
  <object>
    <name>pedestrian</name>
    <bndbox>
      <xmin>741</xmin>
      <ymin>230</ymin>
      <xmax>787</xmax>
      <ymax>357</ymax>
    </bndbox>
  </object>
  <object>
    <name>pedestrian</name>
    <bndbox>
      <xmin>781</xmin>
      <ymin>238</ymin>
      <xmax>829</xmax>
      <ymax>366</ymax>
    </bndbox>
  </object>
  <object>
    <name>pedestrian</name>
    <bndbox>
      <xmin>313</xmin>
      <ymin>59</ymin>
      <xmax>342</xmax>
      <ymax>138</ymax>
    </bndbox>
  </object>
  <object>
    <name>pedestrian</name>
    <bndbox>
      <xmin>460</xmin>
      <ymin>131</ymin>
      <xmax>494</xmax>
      <ymax>232</ymax>
    </bndbox>
  </object>
  <object>
    <name>pedestrian</name>
    <bndbox>
      <xmin>280</xmin>
      <ymin>101</ymin>
      <xmax>314</xmax>
      <ymax>191</ymax>
    </bndbox>
  </object>
  <object>
    <name>pedestrian</name>
    <bndbox>
      <xmin>807</xmin>
      <ymin>197</ymin>
      <xmax>852</xmax>
      <ymax>315</ymax>
    </bndbox>
  </object>
  <object>
    <name>pedestrian</name>
    <bndbox>
      <xmin>188</xmin>
      <ymin>124</ymin>
      <xmax>227</xmax>
      <ymax>219</ymax>
    </bndbox>
  </object>
  <object>
    <name>pedestrian</name>
    <bndbox>
      <xmin>18</xmin>
      <ymin>175</ymin>
      <xmax>72</xmax>
      <ymax>285</ymax>
    </bndbox>
  </object>
  <object>
    <name>pedestrian</name>
    <bndbox>
      <xmin>806</xmin>
      <ymin>291</ymin>
      <xmax>860</xmax>
      <ymax>434</ymax>
    </bndbox>
  </object>
  <object>
    <name>pedestrian</name>
    <bndbox>
      <xmin>804</xmin>
      <ymin>370</ymin>
      <xmax>865</xmax>
      <ymax>536</ymax>
    </bndbox>
  </object>
  <object>
    <name>pedestrian</name>
    <bndbox>
      <xmin>585</xmin>
      <ymin>11</ymin>
      <xmax>608</xmax>
      <ymax>78</ymax>
    </bndbox>
  </object>
  <object>
    <name>pedestrian</name>
    <bndbox>
      <xmin>856</xmin>
      <ymin>107</ymin>
      <xmax>897</xmax>
      <ymax>202</ymax>
    </bndbox>
  </object>
  <object>
    <name>pedestrian</name>
    <bndbox>
      <xmin>481</xmin>
      <ymin>8</ymin>
      <xmax>505</xmax>
      <ymax>73</ymax>
    </bndbox>
  </object>
  <object>
    <name>pedestrian</name>
    <bndbox>
      <xmin>906</xmin>
      <ymin>110</ymin>
      <xmax>953</xmax>
      <ymax>209</ymax>
    </bndbox>
  </object>
  <object>
    <name>pedestrian</name>
    <bndbox>
      <xmin>442</xmin>
      <ymin>463</ymin>
      <xmax>503</xmax>
      <ymax>646</ymax>
    </bndbox>
  </object>
</annotation>
