<annotation>
  <filename>1419.jpg</filename>
  <size>
    <width>960</width>
    <height>540</height>
    <depth>3</depth>
  </size>
  <object>
    <name>pedestrian</name>
    <bndbox>
      <xmin>891</xmin>
      <ymin>58</ymin>
      <xmax>932</xmax>
      <ymax>144</ymax>
    </bndbox>
  </object>
  <object>
    <name>pedestrian</name>
    <bndbox>
      <xmin>877</xmin>
      <ymin>111</ymin>
      <xmax>921</xmax>
      <ymax>209</ymax>
    </bndbox>
  </object>
  <object>
    <name>pedestrian</name>
    <bndbox>
      <xmin>501</xmin>
      <ymin>26</ymin>
      <xmax>526</xmax>
      <ymax>96</ymax>
    </bndbox>
  </object>
  <object>
    <name>pedestrian</name>
    <bndbox>
      <xmin>888</xmin>
      <ymin>133</ymin>
      <xmax>934</xmax>
      <ymax>237</ymax>
    </bndbox>
  </object>
  <object>
    <name>pedestrian</name>
    <bndbox>
      <xmin>734</xmin>
      <ymin>457</ymin>
      <xmax>798</xmax>
      <ymax>649</ymax>
    </bndbox>
  </object>
  <object>
    <name>pedestrian</name>
    <bndbox>
      <xmin>725</xmin>
      <ymin>340</ymin>
      <xmax>781</xmax>
      <ymax>495</ymax>
    </bndbox>
  </object>
  <object>
    <name>pedestrian</name>
    <bndbox>
      <xmin>95</xmin>
      <ymin>144</ymin>
      <xmax>140</xmax>
      <ymax>245</ymax>
    </bndbox>
  </object>
  <object>
    <name>pedestrian</name>
    <bndbox>
      <xmin>477</xmin>
      <ymin>65</ymin>
      <xmax>506</xmax>
      <ymax>147</ymax>
    </bndbox>
  </object>
  <object>
    <name>pedestrian</name>
    <bndbox>
      <xmin>839</xmin>
      <ymin>158</ymin>
      <xmax>883</xmax>
      <ymax>266</ymax>
    </bndbox>
  </object>
  <object>
    <name>pedestrian</name>
    <bndbox>
      <xmin>441</xmin>
      <ymin>69</ymin>
      <xmax>470</xmax>
      <ymax>151</ymax>
    </bndbox>
  </object>
  <object>
    <name>pedestrian</name>
    <bndbox>
      <xmin>387</xmin>
      <ymin>66</ymin>
      <xmax>416</xmax>
      <ymax>148</ymax>
    </bndbox>
  </object>
  <object>
    <name>pedestrian</name>
    <bndbox>
      <xmin>355</xmin>
      <ymin>61</ymin>
      <xmax>384</xmax>
      <ymax>141</ymax>
    </bndbox>
  </object>
  <object>
    <name>pedestrian</name>
    <bndbox>
      <xmin>741</xmin>
      <ymin>232</ymin>
      <xmax>786</xmax>
      <ymax>359</ymax>
    </bndbox>
  </object>
  <object>
    <name>pedestrian</name>
    <bndbox>
      <xmin>780</xmin>
      <ymin>239</ymin>
      <xmax>828</xmax>
      <ymax>368</ymax>
    </bndbox>
  </object>
  <object>
    <name>pedestrian</name>
    <bndbox>
      <xmin>314</xmin>
      <ymin>58</ymin>
      <xmax>344</xmax>
      <ymax>137</ymax>
    </bndbox>
  </object>
  <object>
    <name>pedestrian</name>
    <bndbox>
      <xmin>462</xmin>
      <ymin>130</ymin>
      <xmax>496</xmax>
      <ymax>231</ymax>
    </bndbox>
  </object>
  <object>
    <name>pedestrian</name>
    <bndbox>
      <xmin>282</xmin>
      <ymin>101</ymin>
      <xmax>316</xmax>
      <ymax>191</ymax>
    </bndbox>
  </object>
  <object>
    <name>pedestrian</name>
    <bndbox>
      <xmin>805</xmin>
      <ymin>199</ymin>
      <xmax>851</xmax>
      <ymax>318</ymax>
    </bndbox>
  </object>
  <object>
    <name>pedestrian</name>
    <bndbox>
      <xmin>190</xmin>
      <ymin>124</ymin>
      <xmax>228</xmax>
      <ymax>219</ymax>
    </bndbox>
  </object>
  <object>
    <name>pedestrian</name>
    <bndbox>
      <xmin>15</xmin>
      <ymin>176</ymin>
      <xmax>70</xmax>
      <ymax>286</ymax>
    </bndbox>
  </object>
  <object>
    <name>pedestrian</name>
    <bndbox>
      <xmin>807</xmin>
      <ymin>289</ymin>
      <xmax>861</xmax>
      <ymax>432</ymax>
    </bndbox>
  </object>
  <object>
    <name>pedestrian</name>
    <bndbox>
      <xmin>805</xmin>
      <ymin>367</ymin>
      <xmax>866</xmax>
      <ymax>532</ymax>
    </bndbox>
  </object>
  <object>
    <name>pedestrian</name>
    <bndbox>
      <xmin>584</xmin>
      <ymin>12</ymin>
      <xmax>607</xmax>
      <ymax>79</ymax>
    </bndbox>
  </object>
  <object>
    <name>pedestrian</name>
    <bndbox>
      <xmin>855</xmin>
      <ymin>107</ymin>
      <xmax>896</xmax>
      <ymax>203</ymax>
    </bndbox>
  </object>
  <object>
    <name>pedestrian</name>
    <bndbox>
      <xmin>479</xmin>
      <ymin>8</ymin>
      <xmax>503</xmax>
      <ymax>73</ymax>
    </bndbox>
  </object>
  <object>
    <name>pedestrian</name>
    <bndbox>
      <xmin>906</xmin>
      <ymin>110</ymin>
      <xmax>953</xmax>
      <ymax>209</ymax>
    </bndbox>
  </object>
  <object>
    <name>pedestrian</name>
    <bndbox>
      <xmin>441</xmin>
      <ymin>460</ymin>
      <xmax>501</xmax>
      <ymax>642</ymax>
    </bndbox>
  </object>
</annotation>
