<annotation>
  <filename>1422.jpg</filename>
  <size>
    <width>960</width>
    <height>540</height>
    <depth>3</depth>
  </size>
  <object>
    <name>pedestrian</name>
    <bndbox>
      <xmin>893</xmin>
      <ymin>58</ymin>
      <xmax>934</xmax>
      <ymax>144</ymax>
    </bndbox>
  </object>
  <object>
    <name>pedestrian</name>
    <bndbox>
      <xmin>877</xmin>
      <ymin>110</ymin>
      <xmax>920</xmax>
      <ymax>208</ymax>
    </bndbox>
  </object>
  <object>
    <name>pedestrian</name>
    <bndbox>
      <xmin>506</xmin>
      <ymin>25</ymin>
      <xmax>530</xmax>
      <ymax>95</ymax>
    </bndbox>
  </object>
  <object>
    <name>pedestrian</name>
    <bndbox>
      <xmin>888</xmin>
      <ymin>131</ymin>
      <xmax>934</xmax>
      <ymax>233</ymax>
    </bndbox>
  </object>
  <object>
    <name>pedestrian</name>
    <bndbox>
      <xmin>741</xmin>
      <ymin>462</ymin>
      <xmax>806</xmax>
      <ymax>657</ymax>
    </bndbox>
  </object>
  <object>
    <name>pedestrian</name>
    <bndbox>
      <xmin>722</xmin>
      <ymin>344</ymin>
      <xmax>778</xmax>
      <ymax>500</ymax>
    </bndbox>
  </object>
  <object>
    <name>pedestrian</name>
    <bndbox>
      <xmin>87</xmin>
      <ymin>146</ymin>
      <xmax>133</xmax>
      <ymax>247</ymax>
    </bndbox>
  </object>
  <object>
    <name>pedestrian</name>
    <bndbox>
      <xmin>479</xmin>
      <ymin>64</ymin>
      <xmax>507</xmax>
      <ymax>145</ymax>
    </bndbox>
  </object>
  <object>
    <name>pedestrian</name>
    <bndbox>
      <xmin>838</xmin>
      <ymin>161</ymin>
      <xmax>883</xmax>
      <ymax>270</ymax>
    </bndbox>
  </object>
  <object>
    <name>pedestrian</name>
    <bndbox>
      <xmin>442</xmin>
      <ymin>68</ymin>
      <xmax>471</xmax>
      <ymax>150</ymax>
    </bndbox>
  </object>
  <object>
    <name>pedestrian</name>
    <bndbox>
      <xmin>388</xmin>
      <ymin>65</ymin>
      <xmax>417</xmax>
      <ymax>146</ymax>
    </bndbox>
  </object>
  <object>
    <name>pedestrian</name>
    <bndbox>
      <xmin>359</xmin>
      <ymin>59</ymin>
      <xmax>388</xmax>
      <ymax>138</ymax>
    </bndbox>
  </object>
  <object>
    <name>pedestrian</name>
    <bndbox>
      <xmin>740</xmin>
      <ymin>234</ymin>
      <xmax>786</xmax>
      <ymax>361</ymax>
    </bndbox>
  </object>
  <object>
    <name>pedestrian</name>
    <bndbox>
      <xmin>779</xmin>
      <ymin>242</ymin>
      <xmax>827</xmax>
      <ymax>371</ymax>
    </bndbox>
  </object>
  <object>
    <name>pedestrian</name>
    <bndbox>
      <xmin>317</xmin>
      <ymin>57</ymin>
      <xmax>347</xmax>
      <ymax>136</ymax>
    </bndbox>
  </object>
  <object>
    <name>pedestrian</name>
    <bndbox>
      <xmin>466</xmin>
      <ymin>124</ymin>
      <xmax>500</xmax>
      <ymax>223</ymax>
    </bndbox>
  </object>
  <object>
    <name>pedestrian</name>
    <bndbox>
      <xmin>287</xmin>
      <ymin>100</ymin>
      <xmax>320</xmax>
      <ymax>190</ymax>
    </bndbox>
  </object>
  <object>
    <name>pedestrian</name>
    <bndbox>
      <xmin>802</xmin>
      <ymin>203</ymin>
      <xmax>847</xmax>
      <ymax>322</ymax>
    </bndbox>
  </object>
  <object>
    <name>pedestrian</name>
    <bndbox>
      <xmin>197</xmin>
      <ymin>123</ymin>
      <xmax>235</xmax>
      <ymax>219</ymax>
    </bndbox>
  </object>
  <object>
    <name>pedestrian</name>
    <bndbox>
      <xmin>9</xmin>
      <ymin>180</ymin>
      <xmax>65</xmax>
      <ymax>291</ymax>
    </bndbox>
  </object>
  <object>
    <name>pedestrian</name>
    <bndbox>
      <xmin>811</xmin>
      <ymin>285</ymin>
      <xmax>864</xmax>
      <ymax>427</ymax>
    </bndbox>
  </object>
  <object>
    <name>pedestrian</name>
    <bndbox>
      <xmin>809</xmin>
      <ymin>362</ymin>
      <xmax>869</xmax>
      <ymax>525</ymax>
    </bndbox>
  </object>
  <object>
    <name>pedestrian</name>
    <bndbox>
      <xmin>584</xmin>
      <ymin>13</ymin>
      <xmax>607</xmax>
      <ymax>81</ymax>
    </bndbox>
  </object>
  <object>
    <name>pedestrian</name>
    <bndbox>
      <xmin>852</xmin>
      <ymin>110</ymin>
      <xmax>893</xmax>
      <ymax>207</ymax>
    </bndbox>
  </object>
  <object>
    <name>pedestrian</name>
    <bndbox>
      <xmin>475</xmin>
      <ymin>8</ymin>
      <xmax>499</xmax>
      <ymax>73</ymax>
    </bndbox>
  </object>
  <object>
    <name>pedestrian</name>
    <bndbox>
      <xmin>907</xmin>
      <ymin>110</ymin>
      <xmax>953</xmax>
      <ymax>208</ymax>
    </bndbox>
  </object>
  <object>
    <name>pedestrian</name>
    <bndbox>
      <xmin>436</xmin>
      <ymin>453</ymin>
      <xmax>496</xmax>
      <ymax>634</ymax>
    </bndbox>
  </object>
</annotation>
