<annotation>
  <filename>1424.jpg</filename>
  <size>
    <width>960</width>
    <height>540</height>
    <depth>3</depth>
  </size>
  <object>
    <name>pedestrian</name>
    <bndbox>
      <xmin>894</xmin>
      <ymin>58</ymin>
      <xmax>935</xmax>
      <ymax>143</ymax>
    </bndbox>
  </object>
  <object>
    <name>pedestrian</name>
    <bndbox>
      <xmin>877</xmin>
      <ymin>110</ymin>
      <xmax>920</xmax>
      <ymax>207</ymax>
    </bndbox>
  </object>
  <object>
    <name>pedestrian</name>
    <bndbox>
      <xmin>507</xmin>
      <ymin>23</ymin>
      <xmax>532</xmax>
      <ymax>93</ymax>
    </bndbox>
  </object>
  <object>
    <name>pedestrian</name>
    <bndbox>
      <xmin>889</xmin>
      <ymin>129</ymin>
      <xmax>935</xmax>
      <ymax>231</ymax>
    </bndbox>
  </object>
  <object>
    <name>pedestrian</name>
    <bndbox>
      <xmin>746</xmin>
      <ymin>467</ymin>
      <xmax>811</xmax>
      <ymax>664</ymax>
    </bndbox>
  </object>
  <object>
    <name>pedestrian</name>
    <bndbox>
      <xmin>721</xmin>
      <ymin>346</ymin>
      <xmax>777</xmax>
      <ymax>503</ymax>
    </bndbox>
  </object>
  <object>
    <name>pedestrian</name>
    <bndbox>
      <xmin>82</xmin>
      <ymin>147</ymin>
      <xmax>128</xmax>
      <ymax>248</ymax>
    </bndbox>
  </object>
  <object>
    <name>pedestrian</name>
    <bndbox>
      <xmin>480</xmin>
      <ymin>62</ymin>
      <xmax>508</xmax>
      <ymax>143</ymax>
    </bndbox>
  </object>
  <object>
    <name>pedestrian</name>
    <bndbox>
      <xmin>838</xmin>
      <ymin>164</ymin>
      <xmax>882</xmax>
      <ymax>274</ymax>
    </bndbox>
  </object>
  <object>
    <name>pedestrian</name>
    <bndbox>
      <xmin>444</xmin>
      <ymin>67</ymin>
      <xmax>473</xmax>
      <ymax>149</ymax>
    </bndbox>
  </object>
  <object>
    <name>pedestrian</name>
    <bndbox>
      <xmin>389</xmin>
      <ymin>64</ymin>
      <xmax>418</xmax>
      <ymax>145</ymax>
    </bndbox>
  </object>
  <object>
    <name>pedestrian</name>
    <bndbox>
      <xmin>362</xmin>
      <ymin>58</ymin>
      <xmax>391</xmax>
      <ymax>136</ymax>
    </bndbox>
  </object>
  <object>
    <name>pedestrian</name>
    <bndbox>
      <xmin>738</xmin>
      <ymin>235</ymin>
      <xmax>784</xmax>
      <ymax>362</ymax>
    </bndbox>
  </object>
  <object>
    <name>pedestrian</name>
    <bndbox>
      <xmin>777</xmin>
      <ymin>243</ymin>
      <xmax>825</xmax>
      <ymax>372</ymax>
    </bndbox>
  </object>
  <object>
    <name>pedestrian</name>
    <bndbox>
      <xmin>320</xmin>
      <ymin>57</ymin>
      <xmax>349</xmax>
      <ymax>135</ymax>
    </bndbox>
  </object>
  <object>
    <name>pedestrian</name>
    <bndbox>
      <xmin>469</xmin>
      <ymin>121</ymin>
      <xmax>503</xmax>
      <ymax>219</ymax>
    </bndbox>
  </object>
  <object>
    <name>pedestrian</name>
    <bndbox>
      <xmin>290</xmin>
      <ymin>99</ymin>
      <xmax>323</xmax>
      <ymax>188</ymax>
    </bndbox>
  </object>
  <object>
    <name>pedestrian</name>
    <bndbox>
      <xmin>799</xmin>
      <ymin>205</ymin>
      <xmax>845</xmax>
      <ymax>325</ymax>
    </bndbox>
  </object>
  <object>
    <name>pedestrian</name>
    <bndbox>
      <xmin>200</xmin>
      <ymin>121</ymin>
      <xmax>238</xmax>
      <ymax>215</ymax>
    </bndbox>
  </object>
  <object>
    <name>pedestrian</name>
    <bndbox>
      <xmin>6</xmin>
      <ymin>183</ymin>
      <xmax>62</xmax>
      <ymax>294</ymax>
    </bndbox>
  </object>
  <object>
    <name>pedestrian</name>
    <bndbox>
      <xmin>813</xmin>
      <ymin>283</ymin>
      <xmax>867</xmax>
      <ymax>424</ymax>
    </bndbox>
  </object>
  <object>
    <name>pedestrian</name>
    <bndbox>
      <xmin>810</xmin>
      <ymin>360</ymin>
      <xmax>871</xmax>
      <ymax>522</ymax>
    </bndbox>
  </object>
  <object>
    <name>pedestrian</name>
    <bndbox>
      <xmin>583</xmin>
      <ymin>14</ymin>
      <xmax>606</xmax>
      <ymax>82</ymax>
    </bndbox>
  </object>
  <object>
    <name>pedestrian</name>
    <bndbox>
      <xmin>851</xmin>
      <ymin>113</ymin>
      <xmax>892</xmax>
      <ymax>210</ymax>
    </bndbox>
  </object>
  <object>
    <name>pedestrian</name>
    <bndbox>
      <xmin>473</xmin>
      <ymin>9</ymin>
      <xmax>497</xmax>
      <ymax>74</ymax>
    </bndbox>
  </object>
  <object>
    <name>pedestrian</name>
    <bndbox>
      <xmin>907</xmin>
      <ymin>108</ymin>
      <xmax>954</xmax>
      <ymax>207</ymax>
    </bndbox>
  </object>
  <object>
    <name>pedestrian</name>
    <bndbox>
      <xmin>433</xmin>
      <ymin>450</ymin>
      <xmax>493</xmax>
      <ymax>630</ymax>
    </bndbox>
  </object>
</annotation>
