<annotation>
  <filename>1427.jpg</filename>
  <size>
    <width>960</width>
    <height>540</height>
    <depth>3</depth>
  </size>
  <object>
    <name>pedestrian</name>
    <bndbox>
      <xmin>895</xmin>
      <ymin>56</ymin>
      <xmax>935</xmax>
      <ymax>141</ymax>
    </bndbox>
  </object>
  <object>
    <name>pedestrian</name>
    <bndbox>
      <xmin>878</xmin>
      <ymin>109</ymin>
      <xmax>921</xmax>
      <ymax>206</ymax>
    </bndbox>
  </object>
  <object>
    <name>pedestrian</name>
    <bndbox>
      <xmin>509</xmin>
      <ymin>22</ymin>
      <xmax>534</xmax>
      <ymax>91</ymax>
    </bndbox>
  </object>
  <object>
    <name>pedestrian</name>
    <bndbox>
      <xmin>890</xmin>
      <ymin>127</ymin>
      <xmax>936</xmax>
      <ymax>230</ymax>
    </bndbox>
  </object>
  <object>
    <name>pedestrian</name>
    <bndbox>
      <xmin>754</xmin>
      <ymin>475</ymin>
      <xmax>820</xmax>
      <ymax>678</ymax>
    </bndbox>
  </object>
  <object>
    <name>pedestrian</name>
    <bndbox>
      <xmin>720</xmin>
      <ymin>349</ymin>
      <xmax>776</xmax>
      <ymax>506</ymax>
    </bndbox>
  </object>
  <object>
    <name>pedestrian</name>
    <bndbox>
      <xmin>76</xmin>
      <ymin>150</ymin>
      <xmax>123</xmax>
      <ymax>252</ymax>
    </bndbox>
  </object>
  <object>
    <name>pedestrian</name>
    <bndbox>
      <xmin>482</xmin>
      <ymin>60</ymin>
      <xmax>510</xmax>
      <ymax>140</ymax>
    </bndbox>
  </object>
  <object>
    <name>pedestrian</name>
    <bndbox>
      <xmin>836</xmin>
      <ymin>169</ymin>
      <xmax>881</xmax>
      <ymax>280</ymax>
    </bndbox>
  </object>
  <object>
    <name>pedestrian</name>
    <bndbox>
      <xmin>446</xmin>
      <ymin>65</ymin>
      <xmax>475</xmax>
      <ymax>146</ymax>
    </bndbox>
  </object>
  <object>
    <name>pedestrian</name>
    <bndbox>
      <xmin>393</xmin>
      <ymin>63</ymin>
      <xmax>422</xmax>
      <ymax>143</ymax>
    </bndbox>
  </object>
  <object>
    <name>pedestrian</name>
    <bndbox>
      <xmin>365</xmin>
      <ymin>57</ymin>
      <xmax>394</xmax>
      <ymax>136</ymax>
    </bndbox>
  </object>
  <object>
    <name>pedestrian</name>
    <bndbox>
      <xmin>735</xmin>
      <ymin>238</ymin>
      <xmax>781</xmax>
      <ymax>367</ymax>
    </bndbox>
  </object>
  <object>
    <name>pedestrian</name>
    <bndbox>
      <xmin>774</xmin>
      <ymin>246</ymin>
      <xmax>822</xmax>
      <ymax>377</ymax>
    </bndbox>
  </object>
  <object>
    <name>pedestrian</name>
    <bndbox>
      <xmin>323</xmin>
      <ymin>54</ymin>
      <xmax>352</xmax>
      <ymax>132</ymax>
    </bndbox>
  </object>
  <object>
    <name>pedestrian</name>
    <bndbox>
      <xmin>473</xmin>
      <ymin>121</ymin>
      <xmax>506</xmax>
      <ymax>219</ymax>
    </bndbox>
  </object>
  <object>
    <name>pedestrian</name>
    <bndbox>
      <xmin>293</xmin>
      <ymin>97</ymin>
      <xmax>326</xmax>
      <ymax>186</ymax>
    </bndbox>
  </object>
  <object>
    <name>pedestrian</name>
    <bndbox>
      <xmin>797</xmin>
      <ymin>207</ymin>
      <xmax>842</xmax>
      <ymax>328</ymax>
    </bndbox>
  </object>
  <object>
    <name>pedestrian</name>
    <bndbox>
      <xmin>204</xmin>
      <ymin>118</ymin>
      <xmax>242</xmax>
      <ymax>212</ymax>
    </bndbox>
  </object>
  <object>
    <name>pedestrian</name>
    <bndbox>
      <xmin>-1</xmin>
      <ymin>185</ymin>
      <xmax>56</xmax>
      <ymax>297</ymax>
    </bndbox>
  </object>
  <object>
    <name>pedestrian</name>
    <bndbox>
      <xmin>817</xmin>
      <ymin>278</ymin>
      <xmax>871</xmax>
      <ymax>418</ymax>
    </bndbox>
  </object>
  <object>
    <name>pedestrian</name>
    <bndbox>
      <xmin>811</xmin>
      <ymin>354</ymin>
      <xmax>871</xmax>
      <ymax>516</ymax>
    </bndbox>
  </object>
  <object>
    <name>pedestrian</name>
    <bndbox>
      <xmin>582</xmin>
      <ymin>15</ymin>
      <xmax>606</xmax>
      <ymax>83</ymax>
    </bndbox>
  </object>
  <object>
    <name>pedestrian</name>
    <bndbox>
      <xmin>849</xmin>
      <ymin>115</ymin>
      <xmax>890</xmax>
      <ymax>212</ymax>
    </bndbox>
  </object>
  <object>
    <name>pedestrian</name>
    <bndbox>
      <xmin>470</xmin>
      <ymin>11</ymin>
      <xmax>494</xmax>
      <ymax>77</ymax>
    </bndbox>
  </object>
  <object>
    <name>pedestrian</name>
    <bndbox>
      <xmin>907</xmin>
      <ymin>106</ymin>
      <xmax>954</xmax>
      <ymax>204</ymax>
    </bndbox>
  </object>
  <object>
    <name>pedestrian</name>
    <bndbox>
      <xmin>428</xmin>
      <ymin>443</ymin>
      <xmax>487</xmax>
      <ymax>620</ymax>
    </bndbox>
  </object>
</annotation>
