<annotation>
  <filename>1432.jpg</filename>
  <size>
    <width>960</width>
    <height>540</height>
    <depth>3</depth>
  </size>
  <object>
    <name>pedestrian</name>
    <bndbox>
      <xmin>895</xmin>
      <ymin>55</ymin>
      <xmax>936</xmax>
      <ymax>140</ymax>
    </bndbox>
  </object>
  <object>
    <name>pedestrian</name>
    <bndbox>
      <xmin>878</xmin>
      <ymin>105</ymin>
      <xmax>921</xmax>
      <ymax>202</ymax>
    </bndbox>
  </object>
  <object>
    <name>pedestrian</name>
    <bndbox>
      <xmin>512</xmin>
      <ymin>21</ymin>
      <xmax>536</xmax>
      <ymax>90</ymax>
    </bndbox>
  </object>
  <object>
    <name>pedestrian</name>
    <bndbox>
      <xmin>895</xmin>
      <ymin>127</ymin>
      <xmax>942</xmax>
      <ymax>229</ymax>
    </bndbox>
  </object>
  <object>
    <name>pedestrian</name>
    <bndbox>
      <xmin>770</xmin>
      <ymin>488</ymin>
      <xmax>836</xmax>
      <ymax>698</ymax>
    </bndbox>
  </object>
  <object>
    <name>pedestrian</name>
    <bndbox>
      <xmin>720</xmin>
      <ymin>358</ymin>
      <xmax>777</xmax>
      <ymax>517</ymax>
    </bndbox>
  </object>
  <object>
    <name>pedestrian</name>
    <bndbox>
      <xmin>66</xmin>
      <ymin>156</ymin>
      <xmax>114</xmax>
      <ymax>260</ymax>
    </bndbox>
  </object>
  <object>
    <name>pedestrian</name>
    <bndbox>
      <xmin>488</xmin>
      <ymin>59</ymin>
      <xmax>515</xmax>
      <ymax>139</ymax>
    </bndbox>
  </object>
  <object>
    <name>pedestrian</name>
    <bndbox>
      <xmin>833</xmin>
      <ymin>173</ymin>
      <xmax>878</xmax>
      <ymax>285</ymax>
    </bndbox>
  </object>
  <object>
    <name>pedestrian</name>
    <bndbox>
      <xmin>451</xmin>
      <ymin>61</ymin>
      <xmax>479</xmax>
      <ymax>141</ymax>
    </bndbox>
  </object>
  <object>
    <name>pedestrian</name>
    <bndbox>
      <xmin>404</xmin>
      <ymin>60</ymin>
      <xmax>433</xmax>
      <ymax>140</ymax>
    </bndbox>
  </object>
  <object>
    <name>pedestrian</name>
    <bndbox>
      <xmin>372</xmin>
      <ymin>55</ymin>
      <xmax>400</xmax>
      <ymax>133</ymax>
    </bndbox>
  </object>
  <object>
    <name>pedestrian</name>
    <bndbox>
      <xmin>727</xmin>
      <ymin>247</ymin>
      <xmax>774</xmax>
      <ymax>378</ymax>
    </bndbox>
  </object>
  <object>
    <name>pedestrian</name>
    <bndbox>
      <xmin>768</xmin>
      <ymin>255</ymin>
      <xmax>816</xmax>
      <ymax>388</ymax>
    </bndbox>
  </object>
  <object>
    <name>pedestrian</name>
    <bndbox>
      <xmin>328</xmin>
      <ymin>50</ymin>
      <xmax>356</xmax>
      <ymax>126</ymax>
    </bndbox>
  </object>
  <object>
    <name>pedestrian</name>
    <bndbox>
      <xmin>480</xmin>
      <ymin>115</ymin>
      <xmax>513</xmax>
      <ymax>211</ymax>
    </bndbox>
  </object>
  <object>
    <name>pedestrian</name>
    <bndbox>
      <xmin>299</xmin>
      <ymin>95</ymin>
      <xmax>332</xmax>
      <ymax>184</ymax>
    </bndbox>
  </object>
  <object>
    <name>pedestrian</name>
    <bndbox>
      <xmin>793</xmin>
      <ymin>216</ymin>
      <xmax>839</xmax>
      <ymax>339</ymax>
    </bndbox>
  </object>
  <object>
    <name>pedestrian</name>
    <bndbox>
      <xmin>209</xmin>
      <ymin>117</ymin>
      <xmax>246</xmax>
      <ymax>210</ymax>
    </bndbox>
  </object>
  <object>
    <name>pedestrian</name>
    <bndbox>
      <xmin>-13</xmin>
      <ymin>189</ymin>
      <xmax>46</xmax>
      <ymax>303</ymax>
    </bndbox>
  </object>
  <object>
    <name>pedestrian</name>
    <bndbox>
      <xmin>823</xmin>
      <ymin>268</ymin>
      <xmax>876</xmax>
      <ymax>405</ymax>
    </bndbox>
  </object>
  <object>
    <name>pedestrian</name>
    <bndbox>
      <xmin>817</xmin>
      <ymin>339</ymin>
      <xmax>876</xmax>
      <ymax>496</ymax>
    </bndbox>
  </object>
  <object>
    <name>pedestrian</name>
    <bndbox>
      <xmin>581</xmin>
      <ymin>16</ymin>
      <xmax>604</xmax>
      <ymax>85</ymax>
    </bndbox>
  </object>
  <object>
    <name>pedestrian</name>
    <bndbox>
      <xmin>846</xmin>
      <ymin>117</ymin>
      <xmax>887</xmax>
      <ymax>215</ymax>
    </bndbox>
  </object>
  <object>
    <name>pedestrian</name>
    <bndbox>
      <xmin>465</xmin>
      <ymin>12</ymin>
      <xmax>489</xmax>
      <ymax>79</ymax>
    </bndbox>
  </object>
  <object>
    <name>pedestrian</name>
    <bndbox>
      <xmin>904</xmin>
      <ymin>103</ymin>
      <xmax>950</xmax>
      <ymax>200</ymax>
    </bndbox>
  </object>
  <object>
    <name>pedestrian</name>
    <bndbox>
      <xmin>422</xmin>
      <ymin>429</ymin>
      <xmax>481</xmax>
      <ymax>603</ymax>
    </bndbox>
  </object>
  <object>
    <name>pedestrian</name>
    <bndbox>
      <xmin>807</xmin>
      <ymin>-1</ymin>
      <xmax>836</xmax>
      <ymax>66</ymax>
    </bndbox>
  </object>
</annotation>
