<annotation>
  <filename>1434.jpg</filename>
  <size>
    <width>960</width>
    <height>540</height>
    <depth>3</depth>
  </size>
  <object>
    <name>pedestrian</name>
    <bndbox>
      <xmin>896</xmin>
      <ymin>55</ymin>
      <xmax>937</xmax>
      <ymax>140</ymax>
    </bndbox>
  </object>
  <object>
    <name>pedestrian</name>
    <bndbox>
      <xmin>877</xmin>
      <ymin>104</ymin>
      <xmax>920</xmax>
      <ymax>200</ymax>
    </bndbox>
  </object>
  <object>
    <name>pedestrian</name>
    <bndbox>
      <xmin>513</xmin>
      <ymin>19</ymin>
      <xmax>537</xmax>
      <ymax>88</ymax>
    </bndbox>
  </object>
  <object>
    <name>pedestrian</name>
    <bndbox>
      <xmin>897</xmin>
      <ymin>126</ymin>
      <xmax>944</xmax>
      <ymax>228</ymax>
    </bndbox>
  </object>
  <object>
    <name>pedestrian</name>
    <bndbox>
      <xmin>776</xmin>
      <ymin>491</ymin>
      <xmax>843</xmax>
      <ymax>703</ymax>
    </bndbox>
  </object>
  <object>
    <name>pedestrian</name>
    <bndbox>
      <xmin>721</xmin>
      <ymin>361</ymin>
      <xmax>778</xmax>
      <ymax>522</ymax>
    </bndbox>
  </object>
  <object>
    <name>pedestrian</name>
    <bndbox>
      <xmin>61</xmin>
      <ymin>158</ymin>
      <xmax>110</xmax>
      <ymax>262</ymax>
    </bndbox>
  </object>
  <object>
    <name>pedestrian</name>
    <bndbox>
      <xmin>490</xmin>
      <ymin>59</ymin>
      <xmax>518</xmax>
      <ymax>138</ymax>
    </bndbox>
  </object>
  <object>
    <name>pedestrian</name>
    <bndbox>
      <xmin>831</xmin>
      <ymin>176</ymin>
      <xmax>876</xmax>
      <ymax>288</ymax>
    </bndbox>
  </object>
  <object>
    <name>pedestrian</name>
    <bndbox>
      <xmin>453</xmin>
      <ymin>61</ymin>
      <xmax>482</xmax>
      <ymax>141</ymax>
    </bndbox>
  </object>
  <object>
    <name>pedestrian</name>
    <bndbox>
      <xmin>407</xmin>
      <ymin>59</ymin>
      <xmax>435</xmax>
      <ymax>138</ymax>
    </bndbox>
  </object>
  <object>
    <name>pedestrian</name>
    <bndbox>
      <xmin>374</xmin>
      <ymin>53</ymin>
      <xmax>402</xmax>
      <ymax>131</ymax>
    </bndbox>
  </object>
  <object>
    <name>pedestrian</name>
    <bndbox>
      <xmin>724</xmin>
      <ymin>249</ymin>
      <xmax>771</xmax>
      <ymax>380</ymax>
    </bndbox>
  </object>
  <object>
    <name>pedestrian</name>
    <bndbox>
      <xmin>765</xmin>
      <ymin>257</ymin>
      <xmax>814</xmax>
      <ymax>391</ymax>
    </bndbox>
  </object>
  <object>
    <name>pedestrian</name>
    <bndbox>
      <xmin>329</xmin>
      <ymin>49</ymin>
      <xmax>358</xmax>
      <ymax>125</ymax>
    </bndbox>
  </object>
  <object>
    <name>pedestrian</name>
    <bndbox>
      <xmin>483</xmin>
      <ymin>111</ymin>
      <xmax>516</xmax>
      <ymax>206</ymax>
    </bndbox>
  </object>
  <object>
    <name>pedestrian</name>
    <bndbox>
      <xmin>300</xmin>
      <ymin>95</ymin>
      <xmax>333</xmax>
      <ymax>183</ymax>
    </bndbox>
  </object>
  <object>
    <name>pedestrian</name>
    <bndbox>
      <xmin>792</xmin>
      <ymin>218</ymin>
      <xmax>838</xmax>
      <ymax>341</ymax>
    </bndbox>
  </object>
  <object>
    <name>pedestrian</name>
    <bndbox>
      <xmin>211</xmin>
      <ymin>115</ymin>
      <xmax>248</xmax>
      <ymax>208</ymax>
    </bndbox>
  </object>
  <object>
    <name>pedestrian</name>
    <bndbox>
      <xmin>-21</xmin>
      <ymin>194</ymin>
      <xmax>39</xmax>
      <ymax>310</ymax>
    </bndbox>
  </object>
  <object>
    <name>pedestrian</name>
    <bndbox>
      <xmin>825</xmin>
      <ymin>266</ymin>
      <xmax>878</xmax>
      <ymax>403</ymax>
    </bndbox>
  </object>
  <object>
    <name>pedestrian</name>
    <bndbox>
      <xmin>818</xmin>
      <ymin>335</ymin>
      <xmax>877</xmax>
      <ymax>491</ymax>
    </bndbox>
  </object>
  <object>
    <name>pedestrian</name>
    <bndbox>
      <xmin>580</xmin>
      <ymin>17</ymin>
      <xmax>603</xmax>
      <ymax>86</ymax>
    </bndbox>
  </object>
  <object>
    <name>pedestrian</name>
    <bndbox>
      <xmin>845</xmin>
      <ymin>120</ymin>
      <xmax>886</xmax>
      <ymax>218</ymax>
    </bndbox>
  </object>
  <object>
    <name>pedestrian</name>
    <bndbox>
      <xmin>463</xmin>
      <ymin>12</ymin>
      <xmax>487</xmax>
      <ymax>79</ymax>
    </bndbox>
  </object>
  <object>
    <name>pedestrian</name>
    <bndbox>
      <xmin>902</xmin>
      <ymin>103</ymin>
      <xmax>948</xmax>
      <ymax>200</ymax>
    </bndbox>
  </object>
  <object>
    <name>pedestrian</name>
    <bndbox>
      <xmin>421</xmin>
      <ymin>425</ymin>
      <xmax>479</xmax>
      <ymax>598</ymax>
    </bndbox>
  </object>
  <object>
    <name>pedestrian</name>
    <bndbox>
      <xmin>806</xmin>
      <ymin>0</ymin>
      <xmax>835</xmax>
      <ymax>68</ymax>
    </bndbox>
  </object>
</annotation>
