<annotation>
  <filename>1442.jpg</filename>
  <size>
    <width>960</width>
    <height>540</height>
    <depth>3</depth>
  </size>
  <object>
    <name>pedestrian</name>
    <bndbox>
      <xmin>897</xmin>
      <ymin>52</ymin>
      <xmax>938</xmax>
      <ymax>136</ymax>
    </bndbox>
  </object>
  <object>
    <name>pedestrian</name>
    <bndbox>
      <xmin>871</xmin>
      <ymin>102</ymin>
      <xmax>913</xmax>
      <ymax>198</ymax>
    </bndbox>
  </object>
  <object>
    <name>pedestrian</name>
    <bndbox>
      <xmin>522</xmin>
      <ymin>19</ymin>
      <xmax>546</xmax>
      <ymax>88</ymax>
    </bndbox>
  </object>
  <object>
    <name>pedestrian</name>
    <bndbox>
      <xmin>899</xmin>
      <ymin>120</ymin>
      <xmax>946</xmax>
      <ymax>221</ymax>
    </bndbox>
  </object>
  <object>
    <name>pedestrian</name>
    <bndbox>
      <xmin>721</xmin>
      <ymin>373</ymin>
      <xmax>779</xmax>
      <ymax>537</ymax>
    </bndbox>
  </object>
  <object>
    <name>pedestrian</name>
    <bndbox>
      <xmin>43</xmin>
      <ymin>164</ymin>
      <xmax>94</xmax>
      <ymax>271</ymax>
    </bndbox>
  </object>
  <object>
    <name>pedestrian</name>
    <bndbox>
      <xmin>498</xmin>
      <ymin>54</ymin>
      <xmax>525</xmax>
      <ymax>133</ymax>
    </bndbox>
  </object>
  <object>
    <name>pedestrian</name>
    <bndbox>
      <xmin>833</xmin>
      <ymin>184</ymin>
      <xmax>879</xmax>
      <ymax>300</ymax>
    </bndbox>
  </object>
  <object>
    <name>pedestrian</name>
    <bndbox>
      <xmin>462</xmin>
      <ymin>56</ymin>
      <xmax>490</xmax>
      <ymax>135</ymax>
    </bndbox>
  </object>
  <object>
    <name>pedestrian</name>
    <bndbox>
      <xmin>415</xmin>
      <ymin>56</ymin>
      <xmax>444</xmax>
      <ymax>135</ymax>
    </bndbox>
  </object>
  <object>
    <name>pedestrian</name>
    <bndbox>
      <xmin>384</xmin>
      <ymin>51</ymin>
      <xmax>412</xmax>
      <ymax>128</ymax>
    </bndbox>
  </object>
  <object>
    <name>pedestrian</name>
    <bndbox>
      <xmin>718</xmin>
      <ymin>259</ymin>
      <xmax>765</xmax>
      <ymax>393</ymax>
    </bndbox>
  </object>
  <object>
    <name>pedestrian</name>
    <bndbox>
      <xmin>761</xmin>
      <ymin>268</ymin>
      <xmax>810</xmax>
      <ymax>405</ymax>
    </bndbox>
  </object>
  <object>
    <name>pedestrian</name>
    <bndbox>
      <xmin>338</xmin>
      <ymin>43</ymin>
      <xmax>365</xmax>
      <ymax>117</ymax>
    </bndbox>
  </object>
  <object>
    <name>pedestrian</name>
    <bndbox>
      <xmin>499</xmin>
      <ymin>106</ymin>
      <xmax>531</xmax>
      <ymax>199</ymax>
    </bndbox>
  </object>
  <object>
    <name>pedestrian</name>
    <bndbox>
      <xmin>307</xmin>
      <ymin>90</ymin>
      <xmax>340</xmax>
      <ymax>177</ymax>
    </bndbox>
  </object>
  <object>
    <name>pedestrian</name>
    <bndbox>
      <xmin>785</xmin>
      <ymin>228</ymin>
      <xmax>832</xmax>
      <ymax>354</ymax>
    </bndbox>
  </object>
  <object>
    <name>pedestrian</name>
    <bndbox>
      <xmin>220</xmin>
      <ymin>109</ymin>
      <xmax>256</xmax>
      <ymax>201</ymax>
    </bndbox>
  </object>
  <object>
    <name>pedestrian</name>
    <bndbox>
      <xmin>831</xmin>
      <ymin>252</ymin>
      <xmax>884</xmax>
      <ymax>385</ymax>
    </bndbox>
  </object>
  <object>
    <name>pedestrian</name>
    <bndbox>
      <xmin>826</xmin>
      <ymin>320</ymin>
      <xmax>884</xmax>
      <ymax>472</ymax>
    </bndbox>
  </object>
  <object>
    <name>pedestrian</name>
    <bndbox>
      <xmin>576</xmin>
      <ymin>19</ymin>
      <xmax>599</xmax>
      <ymax>88</ymax>
    </bndbox>
  </object>
  <object>
    <name>pedestrian</name>
    <bndbox>
      <xmin>841</xmin>
      <ymin>125</ymin>
      <xmax>882</xmax>
      <ymax>225</ymax>
    </bndbox>
  </object>
  <object>
    <name>pedestrian</name>
    <bndbox>
      <xmin>450</xmin>
      <ymin>17</ymin>
      <xmax>474</xmax>
      <ymax>85</ymax>
    </bndbox>
  </object>
  <object>
    <name>pedestrian</name>
    <bndbox>
      <xmin>894</xmin>
      <ymin>98</ymin>
      <xmax>939</xmax>
      <ymax>193</ymax>
    </bndbox>
  </object>
  <object>
    <name>pedestrian</name>
    <bndbox>
      <xmin>420</xmin>
      <ymin>405</ymin>
      <xmax>477</xmax>
      <ymax>572</ymax>
    </bndbox>
  </object>
  <object>
    <name>pedestrian</name>
    <bndbox>
      <xmin>803</xmin>
      <ymin>4</ymin>
      <xmax>832</xmax>
      <ymax>72</ymax>
    </bndbox>
  </object>
</annotation>
